EXEMPLAR - COD.;titulo;autor;volume;EDIÇÃO;ANO;editora;COLEÇÃO;SÉRIE;ISBN;Nº EXEMPLAR;ASSUNTO;CLASSIFICAÇÃO;IDIOMA;OBSERVAÇÃO DO EXEMPLAR;;;;;;;;;;;;;;;;;;
E-100000;Sal da terra em terras do Brasis: como vemos e somos vistos na cultura brasileira;Wadislau Gomes;;3.ed;2014;"Monergismo; Refúgio";;;9,78856E+12;1;"evangelização; missão da igreja; discipulado";MEI-G633;;;;;;;;;;;;;;;;;;;;
E-100001;Sal da terra em terras do Brasis: como vemos e somos vistos na cultura brasileira;Wadislau Gomes;;3.ed;2014;"Monergismo; Refúgio";;;9,78856E+12;2;"evangelização; missão da igreja; discipulado";MEI-G633;;;;;;;;;;;;;;;;;;;;
E-100002;Permanências e mudanças;Wadislau e Elizabeth Gomes;;;2020;Monergismo;;;9,78659E+12;1;"Vida cristã; Filipenses";VCE-G633;;;;;;;;;;;;;;;;;;;;
E-100003;O que ele deve ser se quiser casar com minha filha;Voddie Baucham;;;2012;Monergismo;;;9,78856E+12;1;"Casamento; família; paternidade";VCF-B337;;;;;;;;;;;;;;;;;;;;
E-100004;O que ele deve ser se quiser casar com minha filha;Voddie Baucham;;;2012;Monergismo;;;9,78856E+12;2;"Casamento; família; paternidade";VCF-B337;;;;;;;;;;;;;;;;;;;;
E-100005;O significado do casamento;Timothy Keller e Kathy Keller;;;2012;Vida nova;;;9,78853E+12;1;"família; casamento; vida cristã";VCF-K29;;;;;;;;;;;;;;;;;;;;
E-100006;O significado do casamento;Timothy Keller e Kathy Keller;;;2012;Vida nova;;;9,78853E+12;2;"família; casamento; vida cristã";VCF-K29;;;;;;;;;;;;;;;;;;;;
E-100007;Quando pecadores dizem sim;Dave Harvey;;1.ed. 2009;2011 (reimpr.);Fiel;;;9,7886E+12;1;"família; casamento; vida cristã";VCF-H341;;;;;;;;;;;;;;;;;;;;
E-100008;Instruindo o coração da criança;"Tedd Tripp; Marcy Tripp";;;2009;Fiel;;;9,7886E+12;1;"criação de filhos; vida familiar; vida cristã";VCF-T836;;;;;;;;;;;;;;;;;;;;
E-100009;Mulheres doadoras de vida: descobrindo segredos de uma vida marcante;"Tammy Maltby; Tamra Farah";;1.ed. 2006;2013 (reimpr.);Shedd Publicações;;;8588315475;1;"mulher; encorajamento; vida cristã";VCF-M261;;;;;;;;;;;;;;;;;;;;
E-100010;Relacionamentos: uma confusão que vale a pena;Timothy Lane e Paul Tripp;;;2011;Cultura Cristã;;;9,78858E+12;1;;VCF-L265;;;;;;;;;;;;;;;;;;;;
E-100011;Relacionamentos: uma confusão que vale a pena;Timothy Lane e Paul Tripp;;;2011;Cultura Cristã;;;9,78858E+12;2;;VCF-L265;;;;;;;;;;;;;;;;;;;;
E-100012;Guerra de palavras: o que há de errado com a nossa comunicação;Paul David Tripp;;;2011;Cultura Cristã;;;9,78858E+12;1;;VCF-T836;;;;;;;;;;;;;;;;;;;;
E-100013;O namoro e o noivado que Deus sempre quis;Alexandre Mendes e David Merkh;;2013;2021 (reimpr.);Hagnos;;;9,78856E+12;2;"casais; namoro; relacionamento; família; noivado; casamento; vida cristã";VCF-M538;;;;;;;;;;;;;;;;;;;;
E-100014;Adoção: sua extrema prioridade para famílias e igrejas cristãs;Russell D. Moore;;;2013;Monergismo;;;9,78856E+12;1;"adoção; família; ";VCF-M821;;;;;;;;;;;;;;;;;;;;
E-100015;Adoção: sua extrema prioridade para famílias e igrejas cristãs;Russell D. Moore;;;2013;Monergismo;;;9,78856E+12;2;"adoção; família; ";VCF-M821;;;;;;;;;;;;;;;;;;;;
E-100016;365 days with Calvin;Joel R. Beeke;;;2008;Day One ;;;9,78185E+12;;"devocional; vida cristã; espiritualidade";VCE-B414;;;;;;;;;;;;;;;;;;;;
E-100017;Sábia & Conselheira: uma reflexão bíblica sobre o papel da mulher;Martha Peace;;;2012;Fiel;;;9,78858E+12;1;"mulher; vida cristã";VCF-P355;;;;;;;;;;;;;;;;;;;;
E-100018;Sábia & Conselheira: uma reflexão bíblica sobre o papel da mulher;Martha Peace;;;2012;Fiel;;;9,78858E+12;2;"mulher; vida cristã";VCF-P355;;;;;;;;;;;;;;;;;;;;
E-100019;As Crônicas de Nárnia;C. S. Lewis;Único;;;;;;;1;literatura infanto-juvenil;LIJ-L673;;;;;;;;;;;;;;;;;;;;
E-100020;A Bíblia toda o ano todo: meditações diárias de Gênesis a Apocalipse ;John Stott;;;2007;Ultimato;;;9,78858E+12;1;devocional;VCE-S888;;;;;;;;;;;;;;;;;;;;
E-100021;Maridos perseguindo a excelência: princípios bíblicos para maridos que almejam o ideal de Deus;Lou Priolo;;1.ed. 2011;2014 (reimpr.);Nutra Publicações;;;9,78856E+12;1;"homem; marido; família; vida cristã";VCF-P958;;;;;;;;;;;;;;;;;;;;
E-100022;Devocional de mulheres para mulheres;"Darcy Vergiels;  Karen Swedberg";;;2009;EBR;;;9,78857E+12;1;"mulheres; devocional; espiritualidade; vida cristã;";VCE-V497;;;;;;;;;;;;;;;;;;;;
E-100023;Esposa Excelente: uma perspectiva bíblica;Martha Peace;;1. ed. 2008;2011 (reimpr.);Fiel;;;9,7886E+12;1;"esposa; família; mulher; estudo bíblico; vida cristã";VCF-P355;;;;;;;;;;;;;;;;;;;;
E-100024;Esposa: pela graça mediante a fé;Elizabeth Charles Gomes;;3.ed;1996;;;;;1;"esposa de pastor; família pastoral; vida cristã";VCF-G633;;;;;;;;;;;;;;;;;;;;
E-100025;Cordel de carrossel: a história de Noemi e Rute;Rodrigo de Abreu;;;2018;Editora 371;;;9,78855E+12;1;"literatura infantil; história bíblica";LF-A162;;;;;;;;;;;;;;;;;;;;
E-100026;Verdadeiros adoradores;Bob Kauflin;;;2008;Vida Nova;;;9,78853E+12;1;"adoração; vida cristã";VCE-K21;;;;;;;;;;;;;;;;;;;;
E-100027;Alegria no limite das forças: a inescrutável sabedoria de Eclesiastes;Douglas Wilson;;;2015;Monergismo;;;9,78856E+12;1;"eclesiastes; estudo bíblico; ";EB-W746;;;;;;;;;;;;;;;;;;;;
E-100028;Em busca de algo maior;Paul Tripp;;;2011;Cultura Cristã;;;9,78858E+12;1;;VCE-T836;;;;;;;;;;;;;;;;;;;;
E-100029;Homens de verdade: o chamado de Deus para a masculinidade;Richard D. Phillips;;;2019;Fiel;;;9,78858E+12;1;"homem; masculinidade; vida cristã";"VCF-P558
";;;;;;;;;;;;;;;;;;;;
E-100030;Redenção nos campos do Senhor: as boas novas em Rute;Emílio Garofalo Neto;;;2018;Monergismo;;;9,78857E+12;1;"estudo bíblico; vida cristã; evangelho;";EB-G237;;;;;;;;;;;;;;;;;;;;
E-100031;Polêmicas na igreja: doutrinas, práticas e movimentos que enfraquecem o cristianismo;Augustus Nicodemus;;;2015;Mundo cristão;;;9,78854E+11;1;"igreja; evangelicalismo; apologética; vida cristã";I:A-N633;;;;;;;;;;;;;;;;;;;;
E-100032;Polêmicas na igreja: doutrinas, práticas e movimentos que enfraquecem o cristianismo;Augustus Nicodemus;;1.ed. 2015;2016 (reimpr.);Mundo cristão;;;9,78854E+11;2;"igreja; evangelicalismo; apologética; vida cristã";I:A-N633;;;;;;;;;;;;;;;;;;;;
E-100033;O que estão fazendo com a igreja: ascensão e queda do movimento evangélico brasileiro;Augustus Nicodemus;;;2008;Mundo cristão;;;9,78857E+12;1;"igreja; evangelicalismo; controvérsias teológicas; apologética";I:A-N633;;;;;;;;;;;;;;;;;;;;
E-100034;O ateísmo cristão e outras ameaças à Igreja;Augustus Nicodemus;;;2011;Mundo cristão;;;9,78857E+12;1;"igreja; evangelicalismo; controvérsias teológicas; seitas cristãs; apologética";I:A-N633;;;;;;;;;;;;;;;;;;;;
E-100035;Igreja emergente: o movimento e suas implicações;D. A. Carson;;;2010;Vida Nova;;;9,78853E+12;1;"igrejas não institucionais; ";I-C321;;;;;;;;;;;;;;;;;;;;
E-100036;Mulher nota 10: os passos de uma mulher bem sucedida;Hernandes Dias Lopes;;1.ed 2013;2015 (reimpr);Hagnos;;;9,78856E+12;1;"Vida cristã; mulher";VCF-L864;;;;;;;;;;;;;;;;;;;;
E-100037;O senhorio de Cristo: servindo o nosso Senhor o tempo todo, em toda a vida e de todo o nosso coração;Vern S. Poythress;;;2019;Monergismo;;;9,78857E+12;1;;VCE-P892;;;;;;;;;;;;;;;;;;;;
E-100038;"O evangelho segundo Jesus: O que significa quando Jesus diz ""segue-me";John F. MacArthur Jr.;;;;;;;;;;VCE-M116;;;;;;;;;;;;;;;;;;;;
E-100039;Pecados intocáveis;Jerry Bridges;;;2012;Vida nova;;;9,78853E+12;1;;VCE-B852;;;;;;;;;;;;;;;;;;;;
E-100040;O namoro e o noivado que Deus sempre quis;Alexandre Mendes e David Merkh;;;2013;Hagnos;;;9,78856E+12;1;"casais; namoro; relacionamento; família; noivado; casamento; vida cristã";VCF-M538;;;;;;;;;;;;;;;;;;;;
E-100041;O fruto de suas mãos: o respeito e a mulher cristã;Nacy Wilson;;;2014;;;Best Seller sobre a Família;9,78856E+12;1;"mulher; vida cristã";VCF-W746;;;;;;;;;;;;;;;;;;;;
E-100042;O fruto de suas mãos: o respeito e a mulher cristã;Nacy Wilson;;;2014;;;Best Seller sobre a Família;9,78856E+12;2;"mulher; vida cristã";VCF-W746;;;;;;;;;;;;;;;;;;;;
E-100043;Ídolos do coração: aprendendo a desear somente a Deus;Elyse Fitzpatrick;;;2017;Vida Nova;;;9,78853E+12;1;"idolatria; vida cristã; ";VCE-F559;;;;;;;;;;;;;;;;;;;;
E-100044;Exercita-te na piedade;Jerry Bridges;;;2016;Monergismo;;;9,78857E+12;1;;VCE-B852;;;;;;;;;;;;;;;;;;;;
E-100045;Exercita-te na piedade;Jerry Bridges;;;2016;Monergismo;;;9,78857E+12;2;;VCE-B852;;;;;;;;;;;;;;;;;;;;
E-100046;Exercita-te na piedade;Jerry Bridges;;;2016;Monergismo;;;9,78857E+12;3;;VCE-B852;;;;;;;;;;;;;;;;;;;;
E-100047;Mulheres sábias: a sabedoria dos provérbios para mulheres;Lydia Brownback;;;2013;Fiel;;;9,78858E+12;1;"mulher; estudo bíblico; provérbios; vida cristã";VCF-B881;;;;;;;;;;;;;;;;;;;;
E-100048;Pastores da família;Voddie Baucham Jr.;;;2015;Monergismo;;;9,78856E+12;1;"Homem; relações familiares; família; vida cristã";VCF-B337;;;;;;;;;;;;;;;;;;;;
E-100049;Pastores da família;Voddie Baucham Jr.;;;2015;Monergismo;;;9,78856E+12;2;"Homem; relações familiares; família; vida cristã";VCF-B337;;;;;;;;;;;;;;;;;;;;
E-100050;O culto segundo Deus: a mensagem de Malaquias para a igreja de hoje;Augustus Nicodemus;;;2012;Vida Nova;;;9,78853E+12;1;"eclesiologia; adoração; estudo bíblico";I-N633;;;;;;;;;;;;;;;;;;;;
E-100051;O culto segundo Deus: a mensagem de Malaquias para a igreja de hoje;Augustus Nicodemus;;;2012;Vida Nova;;;9,78853E+12;2;"eclesiologia; adoração; estudo bíblico";I-N633;;;;;;;;;;;;;;;;;;;;
E-100052;Amnésia Cultural: três ensaios sobre a teologia dos dois reinos;Brian G. Mattson;;;2018;Monergismo;;;9,78857E+12;1;"cultura; teologia; cosmovisão";FC-M444;;;;;;;;;;;;;;;;;;;;
E-100053;O tipo de pregação que Deus abençoa;Steven J. Lawson;;;2013;Fiel;;;9,78858E+12;1;homilética, pregação;Ho-L425;;;;;;;;;;;;;;;;;;;;
E-100054;O antigo Evangelho: um desafio para redescobrir o Evangelho Bíblico;J.I. Packer;;2.ed;2013;Fiel;;;9,78858E+12;1;"evangelho; salvação; calvinismo; arminianismo; John Owen";TBH-P119;;;;;;;;;;;;;;;;;;;;
E-100055;O antigo Evangelho: um desafio para redescobrir o Evangelho Bíblico;J.I. Packer;;2.ed;2013;Fiel;;;9,78858E+12;2;"evangelho; salvação; calvinismo; arminianismo; John Owen";TBH-P119;;;;;;;;;;;;;;;;;;;;
E-100056;Jonas: o missionário bem sucedido que fracassou;Stuart Olyott;;;2012;Fiel;;;9,78858E+12;1;"missões; evangellismo; vida cristã";MEI-O53;;;;;;;;;;;;;;;;;;;;
E-100057;Jonas: o missionário bem sucedido que fracassou;Stuart Olyott;;;2012;Fiel;;;9,78858E+12;2;"missões; evangellismo; vida cristã";MEI-O53;;;;;;;;;;;;;;;;;;;;
E-100058;Jonas: o missionário bem sucedido que fracassou;Stuart Olyott;;;2012;Fiel;;;9,78858E+12;3;"missões; evangellismo; vida cristã";MEI-O53;;Exemplar perdido. Reposição no registro E-100433;;;;;;;;;;;;;;;;;;
E-100059;Enriquecendo-se com a Bíblia;A.W. Pink;;2.ed;2011;Fiel;;;9,78858E+12;1;"Bíblia; estudo bíblico; prática devocional; vida cristã";VCE-P655;;;;;;;;;;;;;;;;;;;;
E-100060;Enriquecendo-se com a Bíblia;A.W. Pink;;2.ed;2011;Fiel;;;9,78858E+12;2;"Bíblia; estudo bíblico; prática devocional; vida cristã";VCE-P655;;;;;;;;;;;;;;;;;;;;
E-100061;Posso saber se sou salvo?;R.C.Sproul;;;2013;Fiel;Questões Cruciais - n.07;;9,78858E+12;1;"primeiros passos; discipulado básico; salvação";DiB-S771;;;;;;;;;;;;;;;;;;;;
E-100062;Posso crer na Bíblia?;R.C.Sproul;;2012;2014 (reimpr.);Fiel;Questões Cruciais - n.02;;9,78858E+12;1;"primeiros passos; discipulado básico; Bíblia - revelação e autoridade";DiB-S771;;;;;;;;;;;;;;;;;;;;
E-100063;Deus é santo! Como posso me aproximar dele?;R.C.Sproul;;2014;2017 (reimpr.);Fiel;;;9,78858E+12;1;"primeiros passos; discipulado básico; santidade; vida cristã";DiB-S771;;;;;;;;;;;;;;;;;;;;
E-100064;Deus é santo! Como posso me aproximar dele?;R.C.Sproul;;2014;2017 (reimpr.);Fiel;;;9,78858E+12;2;"primeiros passos; discipulado básico; santidade; vida cristã";DiB-S771;;;;;;;;;;;;;;;;;;;;
E-100065;O que significa ser nascido de novo?;R.C.Sproul;;2013;2015 (reimpr.);Fiel;Questões Cruciais - n.06;;9,78858E+12;1;"primeiros passos; discipulado básico; regeneração";DiB-S771;;;;;;;;;;;;;;;;;;;;
E-100066;Quem é o Espírito Santo?;R.C.Sproul;;;2013;Fiel;Questões Cruciais - n.12;;9,78858E+12;1;"primeiros passos; discipulado básico; Espírito Santo; pneumatologia";DiB-S771;;;;;;;;;;;;;;;;;;;;
E-100067;Quem é Jesus?;R.C.Sproul;;;2012;Fiel;Questões Cruciais - n.1;;9,78858E+12;1;"primeiros passos; discipulado básico; Jesus Cristo; cristologia";DiB-S771;;;;;;;;;;;;;;;;;;;;
E-100068;O que é arrependimento?;R.C.Sproul;;2014;2019 (reimpr.);Fiel;Questões Cruciais - n.17;;9,78858E+12;1;"primeiros passos; discipulado básico; arrependimento; vida cristã";DiB-S771;;;;;;;;;;;;;;;;;;;;
E-100069;O que é a Grande Comissão?;R.C.Sproul;;;2016;Fiel;Questões Cruciais - n.20;;9,78858E+12;1;"primeiros passos; discipulado básico; evangelismo; missões.";DiB-S771;;;;;;;;;;;;;;;;;;;;
E-100070;A graça do arrependimento;Sinclair Ferguson;;;2014;Fiel;;;9,78858E+12;1;"primeiros passos; discipulado básico; arrependimento; vida cristã";DiB-F352;;;;;;;;;;;;;;;;;;;;
E-100071;Calvino, Genebra e a propagação da reforma na França do séc. XVI;Jean- Marc Berthoud;;;2017;Monergismo;;;9,78857E+12;1;"Reforma protestante; história da igreja; João Calvino";HI;;;;;;;;;;;;;;;;;;;;
E-100072;Gálatas para você;Timothy Keller;;;2015;Vida Nova;;;9,78853E+12;1;comentário bíblico;RCo-K29;;;;;;;;;;;;;;;;;;;;
E-100073;O que aprendi em Nárnia;Douglas Wilson;;;2018;Monergismo;;;9,78857E+12;1;"análise literária; ";LA-W746;;;;;;;;;;;;;;;;;;;;
E-100074;O que aprendi em Nárnia;Douglas Wilson;;;2018;Monergismo;;;9,78857E+12;2;"análise literária; ";LA-W746;;;;;;;;;;;;;;;;;;;;
E-100075;Lutero como conselheiro espiritual;Dennis Ngien;;;2017;Vida Nova;;;9,78853E+12;1;"Espiritualidade; vida cristã; devocional";VCE-N576;;;;;;;;;;;;;;;;;;;;
E-100076;Os perigos da interpretação bíblica;D. A. Carson;;2.ed. 2001;2014 (reimpr.);Vida Nova;;;9,78853E+12;1;hermeneutica;HE-C321;;;;;;;;;;;;;;;;;;;;
E-100077;Fogo estranho;John MacArthur;;;2015;Thomas Nelson;;;9,78858E+12;1;doutrina do Espírito Santo;TSPn-M116;;;;;;;;;;;;;;;;;;;;
E-100078;A fraude do Código da Vinci;Erwin Lutzer;;;2004;Vida;;;8573678798;1;;AL-L975;;;;;;;;;;;;;;;;;;;;
E-100079;Verdades que transformam;D. James Kennedy;;2. ed.;2012;Fiel;;;9,78858E+12;1;;DiB-K35;;;;;;;;;;;;;;;;;;;;
E-100080;Vencendo o mundo;Joel Beeke;;;2008;Fiel;;;9,7886E+12;1;"Vida cristã; piedade; santidade";VCE-B414;;;;;;;;;;;;;;;;;;;;
E-100081;Pilares da fé;Franklin Ferreira;;;2017;Vida Nova;;;9,78853E+12;1;"Teologia sistemática; Reforma protestante; solas";TS-F383;;;;;;;;;;;;;;;;;;;;
E-100082;;;;;;;;;;;;;;;;;;;;;;;;;;;;;;;;
E-100083;La fe de los humanistas;Francis Schaeffer;;4.ed.;2013;FELiRe;;;9,78906E+12;1;"apologética; humanismo";A-S294;;;;;;;;;;;;;;;;;;;;
E-100084;El catecismo de Heidelberg;;;4.ed.;1993;FELiRe;;;9063110197;1;"símbolo de fé; catecismo";SI-C358;;;;;;;;;;;;;;;;;;;;
E-100085;Respuesta al cardenal Sadoleto;Juan Calvino;;5.ed;2000;FELiRe;;;906311013;1;"igreja; reforma protestante; João Calvino";I-C168;;;;;;;;;;;;;;;;;;;;
E-100086;Estudos no sermão do monte;Martyn Lloyd-Jones;;1.ed. 1984;2009 (reimpr.);Fiel;;;9,7886E+12;1;"estudo bíblico; vida cristã";EB-L793;;;;;;;;;;;;;;;;;;;;
E-100087;Mananciais no deserto;Lettie Cowman;;2.ed.;1999;Betânia;;;8535800123;1;"devocional; vida cristã; espiritualidade";VCE-C875;;;;;;;;;;;;;;;;;;;;
E-100088;Oração, um encontro com Deus;Oswald Chambers;;;2011;Vida;;;9,78854E+12;1;"disciplina espiritual; vida cristã";VCE-C444;;;;;;;;;;;;;;;;;;;;
E-100089;Surprising insights from the unchurched and proven ways to reach them;Tom. S. Rainer;;;2001;Zondervan;;;9,78031E+12;1;"evangelismo; desigreados";MEI-R155;Inglês;;;;;;;;;;;;;;;;;;;
E-100090;The unchurched next door;Tom. S. Rainer;;;2003;Zondervan;;;9,78031E+12;1;"evangelismo; desigreados";MEI-R155;Inglês;;;;;;;;;;;;;;;;;;;
E-100091;A precio de sangre: la misión cristiana en los contextos de sufrimiento, persecución y martirio;"Guillermo D. Taylor; Antonia van der Meer; Reg Reimer (org.)";;;2012;Unilit;;;789923718;1;"missões; perseguição; martírio; sofrimento; crescimento do evangelho";MEI-P923;Espanhol;;;;;;;;;;;;;;;;;;;
E-100092;Predicando com fidelidade: introducción a la homilética ;Rosther Guimarães Lopes;;;2015;;;;;1;"homilética; pregação; ";Ho-L864;Espanhol;;;;;;;;;;;;;;;;;;;
E-100093;Uma vida voltada para Deus;John Piper;;;2007;Fiel;;;8599145272;1;"vida cristã; cristianismo integral; vida pessoal; vida pública; cultura";VCE-P665;;;;;;;;;;;;;;;;;;;;
E-100094;A verdade da cruz;R.C. Sproul;;;2011;Fiel;;;9,7886E+12;1;"redenção; salvação; expiação;";DiB-S771;;;;;;;;;;;;;;;;;;;;
E-100095;Oração: como a oração comunitária molda a igreja;John Onwuchekwa;;;2019;Vida Nova;;9 Marcas: Construindo igrejas saudáveis;9,78853E+12;1;"oração comunitária; igreja";I-O59;;;;;;;;;;;;;;;;;;;;
E-100096;Pai, um homem de valor;Hernandes Dias Lopes;;;2008;Hagnos;;;9,78858E+12;1;"homem; paternidade; família; vida cristã";VCF-L864;;;;;;;;;;;;;;;;;;;;
E-100097;Documentos da reforma: Breve Catecismo comentado;Helio Clemente;;;2014;;;;;1;"símbolos de fé; catecismo";SF-C626;;;;;;;;;;;;;;;;;;;;
E-100098;Mulheres no espelho;Elizabeth Gomes;;;2013;Monergismo;;;9,78856E+12;1;"mulher; identidade; vida cristã";VCF-G633;;;;;;;;;;;;;;;;;;;;
E-100099;Namoro: identificando sinais de perigo;Lou Priolo;;;2017;Nutra Publicações;;;9,78856E+12;1;"relacionamento; família; vida cristã";VCF-P958;;;;;;;;;;;;;;;;;;;;
E-100100;Coração e sexualidade;Wadislau Martins Gomes;;;1999;;;;;1;"sexualidade; homem; mulher; sexo; relacionamento; vida cristã";VC-G633;;;;;;;;;;;;;;;;;;;;
E-100101;Disbioética: novas reflexões sobre os rumos de uma ética estranha;Hélio Angotti Neto;V.2;;2018;Monergismo;;;;1;"medicina; ética; filosofia; vida humana;  aborto";FT:A-A592;;;;;;;;;;;;;;;;;;;;
E-100102;Disbioética: novas reflexões sobre os rumos de uma ética estranha;Hélio Angotti Neto;V.2;;2018;;;;;2;"medicina; ética; filosofia; vida humana;  aborto";FT:A-A592;;;;;;;;;;;;;;;;;;;;
E-100103;Movimento da liberdade: os 500 anos da Reforma;Michael Reeves;;;2017;Monergismo;;;9788569980;1;"história da igreja; reforma protestante";HI-R332;;;;;;;;;;;;;;;;;;;;
E-100104;Movimento da liberdade: os 500 anos da Reforma;Michael Reeves;;;2017;Monergismo;;;9788569980;2;"história da igreja; reforma protestante";HI-R332;;;;;;;;;;;;;;;;;;;;
E-100105;O que é um membro de igreja saudável;Thabiti Anyabwile;;1.ed 2010;2011 (reimpr.);Fiel;;9 Marcas;9,7886E+12;1;"igreja local; membresia; vida cristã";VCE-A637;;;;;;;;;;;;;;;;;;;;
E-100106;O que é uma igreja saudável;Mark Dever;;;2009;Fiel;;;9,7886E+12;1;eclesiologia;I-D491;;;;;;;;;;;;;;;;;;;;
E-100107;Por que amamos a igreja?;"Kevin DeYoung; Ted Kluck";;1.ed 2010;2012 (reimpr);Fiel;;;9,78857E+12;1;"eclesiologia; apologética";I:A-D529;;;;;;;;;;;;;;;;;;;;
E-100108;Reformando o casamento: a vida conjugal conforme o evangelho;Douglas Wilson;;;2013;Clire;;Best Seller sobre a Família;9,78856E+12;1;"casamento; família; vida cristã";VCF-W746;;;;;;;;;;;;;;;;;;;;
E-100109;Futuros homens: criando meninos para enfrentar gigantes;Douglas Wilson;;;2013;Clire;;Best Seller sobre a Família;9,78856E+12;1;"criação de filhos; homens; vida familar; vida cristã";VCF-W746;;;;;;;;;;;;;;;;;;;;
E-100110;Fidelidade: como ser marido de uma só mulher;Douglas Wilson;;;2017;Clire;;Best Seller sobre Família;9,78856E+12;1;"homem; sexualidade; sexo; masculinidade";VCF-W746;;;;;;;;;;;;;;;;;;;;
E-100111;A esposa do pastor: fortalecida pela graça para uma vida de amor;Gloria Furman;;;2016;Fiel;;;9,78858E+12;1;"esposa de pastor; família pastoral; encorajamento";VCF-F986;;;;;;;;;;;;;;;;;;;;
E-100112;A reforma protestante;Ricardo Bitun (org.);;;2017;Hagnus;;;9,78858E+12;1;"Reforma protestante; história da igreja; presbiterianismo";HI-R332;;;;;;;;;;;;;;;;;;;;
E-100113;Avivamento para a igreja: o papel do Espírito Santo e da oração na renovação da igreja;Franklin Ferreira;;;2015;Vida Nova;;;9,78853E+12;1;"pneumatologia; eclesiologia; meios de graça; oração";I-F383;;;;;;;;;;;;;;;;;;;;
E-100114;História da igreja cristã;Jesse Lyman Hurlbut;;;2007;Vida;;;9,78857E+12;1;"história da igreja; cristianismo";HI-H965;;;;;;;;;;;;;;;;;;;;
E-100115;O pentecostes e o crescimento da igreja: a extraordinária ação do Espírito Santo em Atos 2;Augustus Nicodemus;;;2017;Vida Nova;;;9,78853E+12;1;"pentecostes; missões; igreja primitiva";MEI-N633;;;;;;;;;;;;;;;;;;;;
E-100116;O totem da paz;Don Richardson;;;1978;Betânia;;;;1;"missões transculturais; experiência missionária";MEI-R521;;;;;;;;;;;;;;;;;;;;
E-100117;Vocacionados;Ronaldo Lidório;;;2014;Betânia;;;9,78854E+11;1;"missões; vocação; evangelismo";MEI-L715;;;;;;;;;;;;;;;;;;;;
E-100118;Catolicidade Reformada: a promessa de recuperação para a teologia e interpretação bíblica;"Michael Allen; Scott R. Swain";;;2021;Monergismo;;;9,78659E+12;1;?;TSEc-A425;;;;;;;;;;;;;;;;;;;;
E-100119;Evangelização: como criar uma cultura contagiante de evangelismo na igreja local;J. Mack Stiles;;;2015;Vida Nova;;9 Marcas: Construindo igrejas saudáveis;9,78853E+12;1;"evangelização; igreja local";I-S856;;;;;;;;;;;;;;;;;;;;
E-100120;Cumprindo a missão: levando o evangelho aos não alcançados e aos não engajados;"John Piper; David Mathis (org.)";;;2015;CPAD;;;9,78853E+12;1;"missões; evangelismo";MEI-C971;;;;;;;;;;;;;;;;;;;;
E-100121;Sola Scriptura: a doutrina reformada das Escrituras;Paulo Roberto Batista Anglada;;2.ed. 2013;2016 (reimpr.);Knox Publicações;;;9,78856E+12;1;"teologia sistemática; bibliologia; bíblia; escrituras sagradas";TSB-A589;;;;;;;;;;;;;;;;;;;;
E-100122;Missões do jeito que Deus quer;Mônica de Mesquita;;;2014;Cultura cristã;;;9,78858E+11;1;"missões; evangelização; cuidado missionário";MEI-M582;;;;;;;;;;;;;;;;;;;;
E-100123;Revitalização de igrejas: avaliando a vitalidade de igrejas locais ;Ronaldo Lidório;;;2016;Vida nova;;;9,78853E+12;1;"igreja local; eclesiologia";TSEc-L715;;;;;;;;;;;;;;;;;;;;
E-100124;Adoração reformada ;Terry L. Johnson;;2.ed;2018;Monergismo;;;9,78856E+12;1;"adoração; igreja; adoração congregacional; eclesiologia";TSEc-J66;;;;;;;;;;;;;;;;;;;;
E-100125;A igreja e a surpreendente ofensa do amor de Deus: reintroduzindo as doutrinas sobre a membresia e a disciplina da igreja;Jonathan Leeman;;;2013;Fiel;;;9,78858E+12;1;"disciplina eclesiástica; membresia; igreja; eclesiologia";TSEc-L485;;;;;;;;;;;;;;;;;;;;
E-100126;As 95 teses e a essência da igreja;Martinho Lutero;;1.ed 2016;2017;Vida;;;9,78854E+12;1;"igreja; história da igreja; reforma protestante; ";I-L973;;;;;;;;;;;;;;;;;;;;
E-100127;O evangelho e a evangelização;Mark Dever;;;2011;Fiel;;;9,7886E+12;1;"evangelismo; prática evangelística";MEI-D491;;;;;;;;;;;;;;;;;;;;
E-100128;A igreja local e missões;Edison Queiroz;;5.ed;1998;Vida Nova;;;8527500159;1;"missões; evangelismo; igreja local";MEI-Q3;;;;;;;;;;;;;;;;;;;;
E-100129;Missões: o desafio continua;Ronaldo Lidório;;;2003;Betânia;;;8535800832;1;"missões; evangelismo; ";MEI-L715;;;;;;;;;;;;;;;;;;;;
E-100130;Evangelização e missões;John Piper;;;2011;Fiel;;;9,78858E+12;1;"missões; evangelismo; ";MEI-P665;;;;;;;;;;;;;;;;;;;;
E-100131;Evangelismo: como compartilhar o evangelho com fidelidade;John MacArthur;;;2012;Fiel;;;9,78858E+12;1;"evangelismo; grande comissão; igreja";MEI-M116;;;;;;;;;;;;;;;;;;;;
E-100132;Marcas de um evangelista: conhecendo, amando e falando do evangelho;Mack Stiles;;;2015;Fiel;;;9,78858E+12;1;evangelismo;MEI-S856;;;;;;;;;;;;;;;;;;;;
E-100133;Vocação missionária: chamado específico e a necessidade dos povos não alcançados;"Bruno Costa; Loide de Melo Silva";;;2019;Palavra;;;9,78857E+12;1;"missões transculturais; ";MEI-C837;;;;;;;;;;;;;;;;;;;;
E-100134;Chamado, choque e carisma: considerações missiológicas para o século XXI;Jarbas Ferreira da Silva;;;2008;Descoberta;;;9,78859E+12;1;"missões; missiologia";MEI-S586;;;;;;;;;;;;;;;;;;;;
E-100135;Comunicação e cultura: a antropologia aplicada ao desenvolvimento de ideias e ações missionárias no contexto transcultural;Ronaldo Lidório;;;2014;Vida Nova;;;9,78853E+12;1;"missões transculturais; antropologia missionária;";MEI-L715;;;;;;;;;;;;;;;;;;;;
E-100136;Sal e luz: compreendendo, vivendo e praticando a missão;Ronaldo Lidório;;;2014;Betânia;;;9,78854E+12;1;"missões; evangelismo; ";MEI-L715;;;;;;;;;;;;;;;;;;;;
E-100137;Deuses falsos;Timothy Keller;;;2018;Vida Nova;;;9,78583E+12;1;"idolatria; vida cristã";VCE-K29;;;;;;;;;;;;;;;;;;;;
E-100138;;;;;;;;;;;;;;;;;;;;;;;;;;;;;;;;
E-100139;;;;;;;;;;;;;;;;;;;;;;;;;;;;;;;;
E-100140;Cativo à palavra;Roland H. Baiton;;;;;;;;;;Ho;;;;;;;;;;;;;;;;;;;;
E-100141;Um chamado à reforma espiritual;D. A. Carson;;;;;;;;;;VCE-C321;;;;;;;;;;;;;;;;;;;;
E-100142;Contra a idolatria do Estado: o papel do cristão na política;Franklin Ferreira;;;2016;Vida Nova;;;9,78853E+12;1;;A-F383;;;;;;;;;;;;;;;;;;;;
E-100143;O aconselhamento bíblico depois de Jay Adams;Heath Lambert;;;;;;;;;;AB-L222;;;;;;;;;;;;;;;;;;;;
E-100144;Intensamente: um manual para a vida intelectual cristã;Valberth Veras;;;2019;Peregrino;;;9,78655E+12;1;"Intelectualidade cristã; racionalidade teológica";VCE-V476;;;;;;;;;;;;;;;;;;;;
E-100145;Capital moral: o poder de conexão da sociedade;Dr. Roel Kuiper;;;2019;Monergismo;;;9,7886E+12;1;"Filosofia cristã; filosofia social; ética social";FC-K96;;;;;;;;;;;;;;;;;;;;
E-100146;;;;;;;;;;;;;;;;;;;;;;;;;;;;;;;;
E-100147;Por que creio em Deus;Cornelius Van Til;;;2012;Monergismo;;;9,78856E+12;1;;A-T569;;;;;;;;;;;;;;;;;;;;
E-100148;Por que creio em Deus;Cornelius Van Til;;;2012;Monergismo;;;9,78856E+12;2;;A-T569;;;;;;;;;;;;;;;;;;;;
E-100149;;;;;;;;;;;;;;;;;;;;;;;;;;;;;;;;
E-100150;;;;;;;;;;;;;;;;;;;;;;;;;;;;;;;;
E-100151;O discípulo radical;John Stott;;;2011;Ultimato;;;9,78858E+12;1;;VCE-S888;;;;;;;;;;;;;;;;;;;;
E-100152;O discípulo radical;John Stott;;;2011;Ultimato;;;9,78858E+12;2;;VCE-S888;;;;;;;;;;;;;;;;;;;;
E-100153;O que pode dar esperança: a luta pela sobrevivência e por uma vida com propósitos;Valter Junior;;;2015;Palavra;;;9,78856E+12;1;;AB-J95;;;;;;;;;;;;;;;;;;;;
E-100154;O que pode dar esperança: a luta pela sobrevivência e por uma vida com propósitos;Valter Junior;;;2015;Palavra;;;9,78856E+12;2;;AB-J95;;;;;;;;;;;;;;;;;;;;
E-100155;Caridade e seus frutos;Jonathan Edwards;;;2015;Fiel;;;9,78858E+12;1;"sermões; estudo bíblico";EB-E26;;;;;;;;;;;;;;;;;;;;
E-100156;A fé que agrada a Deus: mais que um mero acreditar;Sillas Campos;;;2015;Fiel;;;9,78851E+11;1;;AB-C198;;;;;;;;;;;;;;;;;;;;
E-100157;Autoestima: uma perspectiva bíblica;Jay E. Adams;;;2916 (reimpr.);ABCB;;;9,78856E+12;1;;AB-A211;;;;;;;;;;;;;;;;;;;;
E-100158;O pastor e o aconselhamento: um guia básico para pastoreio de membros em necessidade;"Jeremy Pierre; Deepak Reju";;;2015;Fiel;;;9,78858E+12;1;;AB-P622;;;;;;;;;;;;;;;;;;;;
E-100159;Lado a lado:como amar aqueles que estão sofrendo;David Furman;;;2017;Fiel;;;9,78858E+12;1;"aconselhamento; vida cristã";AB:VC-F986;;;;;;;;;;;;;;;;;;;;
E-100160;Como estudar a bíblia;John MacArthur;;;2016;Thomas Nelson Brasil;;;9,78858E+12;1;;VCE-M116;;;;;;;;;;;;;;;;;;;;
E-100161;Visão Federal;Alan Rennê;;;2017 (reimpr.);Os Puritanos;;;9,78856E+12;1;;VCF-R414;;;;;;;;;;;;;;;;;;;;
E-100162;Entendes o que lês;"Gordon D. Free; Douglas Stuart";;3. ed;2011;Vida Nova;;;9,78853E+11;1;;TBH-F853;;;;;;;;;;;;;;;;;;;;
E-100163;Socorro não tenho tempo;"Carolyn Mahaney; Nicole Whitacre; Kristin Chesemore; Janelle Bradshaw";;;2012;Monergismo;;;9,78856E+12;1;"Vida cristã; gestão do tempo; organização";VC-S678;;;;;;;;;;;;;;;;;;;;
E-100164;Socorro não tenho tempo;"Carolyn Mahaney; Nicole Whitacre; Kristin Chesemore; Janelle Bradshaw";;;2012;Monergismo;;;9,78856E+12;2;"Vida cristã; gestão do tempo; organização";VC-S678;;;;;;;;;;;;;;;;;;;;
E-100165;Deus é o evangelho;John Piper;;;2011 (reimpr.);Fiel;;;9,7886E+12;1;;VC-P665;;;;;;;;;;;;;;;;;;;;
E-100166;Uma introdução à espiritualidade cristã;Alister E. McGrath;;;2008;Vida;;;9,78854E+12;1;;VCE-M478;;;;;;;;;;;;;;;;;;;;
E-100167;Senhor, transforma minha atitude antes que seja tarde demais;James MacDonald;;;2015;Vida Nova;;;9,78853E+12;1;;AB-M135;;;;;;;;;;;;;;;;;;;;
E-100168;Brecha em nossa santidade;Kevin DeYoung;;;2013;Fiel;;;9,78858E+12;1;;AB-D529;;;;;;;;;;;;;;;;;;;;
E-100169;Lutando contra a incredulidade;John Piper;;;2014;Fiel;;;9,78858E+12;1;;AB-P665;;;;;;;;;;;;;;;;;;;;
E-100170;Fundamentos da teologia reformada;Hermisten Maia Pereira da Costa;;;2007;Mundo Cristão;;;9,78857E+12;1;;TS-C837;;;;;;;;;;;;;;;;;;;;
E-100171;Fé reformada;Sean Michael Lucas (et.al);vol.1;;2015;Cultura Cristã;;Fé reformada;9,78858E+12;1;;TS-F288;;;;;;;;;;;;;;;;;;;;
E-100172;Palavra que anima o coração;Rosther Guimarães Lopes;;;2012;sem editora;;;9,78854E+12;1;;AB-L864;;;;;;;;;;;;;;;;;;;;
E-100173;Pensamentos transformados, emoções redimidas;Ricardo Barbosa de Sousa;;;2016;Ultimato;;;9,78858E+12;1;"vida cristã; espiritualidade; aconselamento";VCE-S725;;;;;;;;;;;;;;;;;;;;
E-100174;A caminhada cristã na história: a bíblia, a igreja e a sociedade ontem e hoje;Alderi Souza de Matos;;;2005;Ultimato;;;8576539848;1;história da igreja;HI-M433;;;;;;;;;;;;;;;;;;;;
E-100175;Ministério de mulheres: amando e servindo a igreja por meio da palavra;Gloria Furman e Kathleen Nielson;;;2016;Fiel;;;9,78858E+12;1;;VCE-F986;;;;;;;;;;;;;;;;;;;;
E-100176;A reforma protestante: história, teologia e desafios;Ricardo Bitun (org.);;;2017;Hagnos;;;9,78858E+12;1;;IH-R332;;;;;;;;;;;;;;;;;;;;
E-100177;Calvinismo: as antigas doutrinas da graça;Paulo Anglada;;;2015;Knox publicações;;;9,78856E+12;1;;TS-A589;;;;;;;;;;;;;;;;;;;;
E-100178;Cristianimos puro e simples;C.S. Lewis;;3. ed.;2009;WMF Martins Fontes;;;9,78858E+12;1;;TS/A-L673;;;;;;;;;;;;;;;;;;;;
E-100179;Religião vida mansa: a teologia do prazer e o desafio para o crente num mundo materialista;J.I. Packer;;;1999;Cultura Cristã;;;;1;;VC-P119;;;;;;;;;;;;;;;;;;;;
E-100180;A certeza da fé;Herman Bavinck;;;2018;Monergismo;;;9,78857E+12;1;;AB-B354;;;;;;;;;;;;;;;;;;;;
E-100181;O ministério do pastor: prioridades bíblicas para pastores fiéis;Brian Croft;;;2020;Fiel;;;9,78866E+13;1;;L-C941;;;;;;;;;;;;;;;;;;;;
E-100182;A família do pastor: pastoreando sua família em meio aos desafios do ministério pastoral;"Brian Croft; Cara Croft";;;2021;Fiel;;;9,78656E+12;1;;VCF-C941;;;;;;;;;;;;;;;;;;;;
E-100183;Devocional para casais: reflexões para uma vida a dois;"Jaime Kemp; Judith Kemp";;;2002;Hagnos;;;8589320022;1;;VCF-K32;;;;;;;;;;;;;;;;;;;;
E-100184;O Deus do sexo: como a espiritualidade define a sua sexualidade;Peter Jones;;;2007;Cultura Cristã;;;8576221810;1;;AB-J76;;;;;;;;;;;;;;;;;;;;
E-100185;A grande comissão: o resgate da estratégia divina para o discipulado;Michael Horton;;;2014;Cultura Cristã;;;9,78858E+12;1;;MEI-H823;;;;;;;;;;;;;;;;;;;;
E-100186;O que você precisa saber sobre a batalha espiritual;Augustus Nicodemus;;5. ed.;2012;Cultura Cristã;;;9,78858E+12;1;;A-N633;;;;;;;;;;;;;;;;;;;;
E-100187;O que você precisa saber sobre a batalha espiritual;Augustus Nicodemus;;4. ed.;2006;Cultura Cristã;;;8576221586;2;;A-N633;;;;;;;;;;;;;;;;;;;;
E-100188;Resgatando a ambição;Dave Harvey;;;2012;Fiel;;;9,78858E+12;1;;VCE-H341;;;;;;;;;;;;;;;;;;;;
E-100189;Ouro tolo?: discernindo a verdade em uma época de erro;John MacArthur;;;2009 (reimpr.);Fiel;;;9,7886E+12;1;;VCE-M116;;;;;;;;;;;;;;;;;;;;
E-100190;Vencendo o mundo;Joel Beeke;;;2008;Fiel;;;9,7886E+12;1;;AB-B414;;;;;;;;;;;;;;;;;;;;
E-100191;Plares da fé: a atualidade da mensagem da reforma;Franklin Ferreira;;;2017;Vida Nova;;;9,78853E+12;1;;TS-F383;;;;;;;;;;;;;;;;;;;;
E-100192;Deus é soberano;A. W. Pink;;2. ed.;2015;Fiel;;;9,7886E+12;1;;TST-P655;;;;;;;;;;;;;;;;;;;;
E-100193;Deus falsos: as promessas vazias do dinheiro, sexo e poder, e a única esperança que realmente importa;Timothy Keller;;;2018;Vida Nova;;;9,78853E+12;1;;AB-K29;;;;;;;;;;;;;;;;;;;;
E-100194;Dialektos: métodos de aquisião e avaliação linguística ;Ronaldo Lidório;;;2008;;;;9,78858E+12;1;;MEI-L715;;;;;;;;;;;;;;;;;;;;
E-100195;Igreja: uma comunidade visionária;Ronaldo Lidório;;;;;;;;1;;MEI-L715;;;;;;;;;;;;;;;;;;;;
E-100196;Entendendo a disciplina na igreja;Jonathan Leeman;;;2019;Fiel;Entendendo a Igreja;;9,78858E+12;1;;TSEc-L485;;;;;;;;;;;;;;;;;;;;
E-100197;Entendendo a ceia do Senhor;Bobby Jamieson;;;2019;Fiel;Entendendo a Igreja;;9,78858E+12;1;;TSEc-J32;;;;;;;;;;;;;;;;;;;;
E-100198;Entendendo a autoridade da congregação;Jonathan Leeman;;;2019;Fiel;Entendendo a Igreja;;9,78858E+12;1;;TSEc-L485;;;;;;;;;;;;;;;;;;;;
E-100199;Entendendo o batismo;Bobby Jamieson;;;2019;Fiel;Entendendo a Igreja;;9,78858E+12;1;;TSEc-J32;;;;;;;;;;;;;;;;;;;;
E-100200;Entendendo a grande comissão;Mark Dever;;;2019;Fiel;Entendendo a Igreja;;9,78858E+12;1;;MEI-D491;;;;;;;;;;;;;;;;;;;;
E-100201;Entendendo a liderança da igreja;Mark Dever;;;2019;Fiel;Entendendo a Igreja;;9,75858E+12;1;;L-D491;;;;;;;;;;;;;;;;;;;;
E-100202;Inverso: diálogos indígenas  no alto do rio negro;Marcelo Carvalho;;;2011;;;;9,78859E+12;1;;MEI-C331;;;;;;;;;;;;;;;;;;;;
E-100203;Antropologia missionária;Ronaldo Lidório;;;2008;;;;9,78858E+12;1;"Missões; antropologia; intercultura";MEI-L715;;;;;;;;;;;;;;;;;;;;
E-100204;Introdução à antropologia missionária;Ronaldo Lidório;;;2011;Vida Nova;;;9,78853E+12;1;;MEI-L715;;;;;;;;;;;;;;;;;;;;
E-100205;Fundamentos da teologia prática;Julia Zabatiero;;;2006;Mundo Crista;;;8573254173;1;;VCE-Z12;;;;;;;;;;;;;;;;;;;;
E-100206;Abaixo a ansiedade: recursos bíblicos para vencermos um inimigo comum;John MacArthur;;2. ed.;2013;Cultura Cristã;;;9,78858E+12;1;;AB-M116;;;;;;;;;;;;;;;;;;;;
E-100207;Gotas de amor para a alma;Hernandes Dias Lopes;;;2015;Hagnos;;;9,78852E+12;1;;AB-L864;;;;;;;;;;;;;;;;;;;;
E-100208;Calvino, Genebra e a propagação da reforme na França so século XVI;Jean-Marc Berthoud;;;2017;Monergismo;;;9,78857E+12;1;;IH-B542;;;;;;;;;;;;;;;;;;;;
E-100209;Os cinco pontos do calvinismo;"Herman Hanko; Homer Hoeksema; Gise J. Van Baren";;;2013;Monergismo;;;9,78856E+12;1;;TSS-H241;;;;;;;;;;;;;;;;;;;;
E-100210;Eu sou mesmo cristão?;Mike McKinley;;;2013;Fiel;;;9,78858E+12;1;;AB-M478;;;;;;;;;;;;;;;;;;;;
E-100211;Faça alguma coisa: uma abordagem libertadora sobre a vontade de Deus em sua vida;Kevin DeYoung;;;2012;Mundo Cristão;;;9,78857E+12;1;;VCE-D529;;;;;;;;;;;;;;;;;;;;
E-100212;Cativo à Palavra: a vida de Martinho Lutero;Roland H. Bainton;;;2017;Vida Nova;;;9,78853E+12;1;;B-B162;;;;;;;;;;;;;;;;;;;;
E-100213;Depressão e graça: o cuidado de Deus diante do sofrimento de seus servos;Wilson Porte Jr.;;;2016;Fiel;;;9,78858E+12;1;;AB-P843;;;;;;;;;;;;;;;;;;;;
E-100214;Um chamado à reforma espiritual;D.A. Carson;;;2007;Cultura Cristã;;;8576221217;1;Oração;VCE-C321;;;;;;;;;;;;;;;;;;;;
E-100215;O aconselhamento bíblico depois de Jay Adams;Heath Lambert ;;;2018;Cultura Cristã;;;9,78858E+12;;;AB-L222;;;;;;;;;;;;;;;;;;;;
E-100216;Evangelo explícito;"Matt Chandler; Jared Wilson";;;2013;Fiel;;;9,78858E+12;1;;Ho-C455;;;;;;;;;;;;;;;;;;;;
E-100217;Teologia dos Reformadores;Timothy George;;;1993;Vida Nova;;;9,78853E+12;1;;HI-G347;;;;;;;;;;;;;;;;;;;;
E-100218;Palavras: o poder da comunicação na pregação do evangelho;"John Piper; Justin Taylor (org)";;;2012;Hagnos;;;9,78856E+12;1;"Comunicação; vida cristã; ";VCE-P154;;;;;;;;;;;;;;;;;;;;
E-100219;John Piper: ensaios em sua homenagem;"Sam Storms; Justin Taylor (org.)";;;2013;Hagnos;;;9,78858E+12;1;"Vida cristã; ética cristã; hedonismo; sofrimento; soberania de Deus; ";B-J65;;;;;;;;;;;;;;;;;;;;
E-100220;O Evangelho para a vida real: voltando-se para o poder libertador da cruz dia após dia;Jerry Bridges;;;2015;Fiel;;;9,78858E+12;;;VCE-B852;;;;;;;;;;;;;;;;;;;;
E-100221;Principles of Biblical interpretation;Louis Berkhof;;;1994;Baker Book House;;;801064775;;;TBH-B512;;;;;;;;;;;;;;;;;;;;
E-100222;O Evangelho no trabalho: servindo Cristo em sua profissão com um novo propósito;"Sebastian Traeger; Greg Gilbert";;;2014;Fiel;;;9,78858E+12;1;;VCE-T764;;;;;;;;;;;;;;;;;;;;
E-100223;Real Marriage: the truth about sex, friendship and life together;"Mark Driscoll; Grace Driscoll";;;2012;Thomas Nelson;;;9,7814E+12;;;VCF-D781;;;;;;;;;;;;;;;;;;;;
E-100224;;;;;;;;;;;;;;;;;;;;;;;;;;;;;;;;
E-100225;A walk through the Bible;Lesslie Newbigin;;;1999;Westminster John Knox Press;;;6642222293;1;;TB-N534;;;;;;;;;;;;;;;;;;;;
E-100226;Recomendações aos jovens teólogos e pastores;Helmut Thielicke;;;2014;Vida Nova;;;9,78853E+12;1;;AB-T431;;;;;;;;;;;;;;;;;;;;
E-100227;A verdadeira obra do Espírito: sinais de autenticidade;Jonathan Edwards;;2. ed.;2010;Vida Nova;;;9,78853E+12;1;;VCE-E26;;;;;;;;;;;;;;;;;;;;
E-100228;Medita estas coisas: conselhos para uma conversão segura;Richard Baxter;;2.ed;2008;Knox Publicações;;;9,78856E+12;1;"discipulado básico; conversão; vida cristã";DiB-B355;;;;;;;;;;;;;;;;;;;;
E-100229;Pensar, amar e fazer;John Piper;;;2013;Cultura Cristã;;;9,78858E+12;1;"cristianismo integral; vida cristã";VCE-P665;;;;;;;;;;;;;;;;;;;;
E-100230;Crer é também pensar;John Stott;;;2012;ABU Editora;;;9,78858E+12;1;"fé e razão; vida cristã";VCE-S888;;;;;;;;;;;;;;;;;;;;
E-100231;Eu sou chamado?: a vocação para o ministério pastoral;Dave Harvey;;;2013;Fiel;;;9,78858E+12;1;;L-H341;;;;;;;;;;;;;;;;;;;;
E-100232;Firmes na fé: conselhos para crentes fracos;Richard Baxter;;;2009;Knox;;;9,78856E+12;1;;AB-B355;;;;;;;;;;;;;;;;;;;;
E-100233;Gênesis no espaço-tempo;Francis A. Schaeffer;;;2014;Monergismo;;;9,78856E+12;1;;A-S294;;;;;;;;;;;;;;;;;;;;
E-100234;Coronavírus e Cristo;John Piper;;;2020;Fiel;;;9,78656E+12;1;;VC-P665;;;;;;;;;;;;;;;;;;;;
E-100235;Quebrantamento: espírito de humilhação;Richard Baxter;;3. ed.;2008;Knox;;;9,78856E+12;1;;AB-B355;;;;;;;;;;;;;;;;;;;;
E-100236;Todo mundo pensa, você também: aprendendo a pensar biblicamente;Wadislau Martins Gomes;;;2013;Monergismo;;;9,78856E+12;1;;VCE-G633;;;;;;;;;;;;;;;;;;;;
E-100237;Tomando decisões segunda a vontade de Deus;Herber Carlos de Campos Jr.;;;2013;Fiel;;;9,78858E+12;1;;VCE-C198;;;;;;;;;;;;;;;;;;;;
E-100238;Deus, revelação e autoridade: o Deus que fala e age;Carl F.H. Henry;;;2016;Hagnos;;;9,78858E+12;1;;TS-H521;;;;;;;;;;;;;;;;;;;;
E-100239;O Deus presente: encontrando seu lugar no plano de Deus;D.A. Carson;;;2012;Fiel;;;9,78858E+12;1;;VC-C321;;;;;;;;;;;;;;;;;;;;
E-100240;Confissões: livros I-VIII;Agostinho;1;;2020;Petra;;;9,78858E+12;1;"Biografia; Santo Agostinho";B-A275;;;;;;;;;;;;;;;;;;;;
E-100241;Confissões: livros IX-XIII;Agostinho;2;;2020;Petra;;;9,78858E+12;1;"Biografia; Santo Agostinho";B-A275;;;;;;;;;;;;;;;;;;;;
E-100242;Raízes da cultura ocidental;Herman Dooyeweerd;;;2015;Cultura cristã;;;9,78858E+12;1;"Apologética; cormovisão cristã; história do cristianismo";A-D691;;;;;;;;;;;;;;;;;;;;
E-100243;Simplesmente crente: por uma vida cristã comum;Michael Scott Horton;;;2016;Fiel;;;9,87858E+12;1;Vida cristã;VCE-H823;;;;;;;;;;;;;;;;;;;;
E-100244;Irmãos: cúmplices e rivais em aliança;Elizabeth Stowell Charles Gomes;;;2008;Cultura cristã;;;9,78858E+12;1;"Vida cristã; família; ";VCF-G633;;;;;;;;;;;;;;;;;;;;
E-100245;Revitalização e crescimento: uma nova vida para você e sua igreja;Gildásio J. B. dos Reis;;;2012;;;;9,78859E+12;1;Igreja;MEI-R375;;;;;;;;;;;;;;;;;;;;
E-100246;As dimensões da espiritualidade reformada: Martyn Lloyd-Jones e o resgate da tradição calvinista de vida cristã;Antônio Carlos Costa;;;2005;"Pontal do Atalaia; Textus";;;;1;"Vida cristã; espiritualidade; biografia";B-C837;;;;;;;;;;;;;;;;;;;;
E-100247;A gide to expository ministry;Dan Dumas (ed.);3;;2012;SBTS Press;;;9,78062E+12;1;"Pregação expositiva; homilética";Ho-G453;;;;;;;;;;;;;;;;;;;;
E-100248;Levando Deus a sério;Kevin DeYoung;;;2014;Fiel;;;9,78858E+12;1;"Bibliologia; Autoridade, Inspiração";VCE-D529;;;;;;;;;;;;;;;;;;;;
E-100249;Doutrina e devoção;Rodrigo Bibo;;;2020;Charpentier;;;9,7866E+12;1;"Espiritualidade; vida cristã; piedade; teologia";VCE-B582;;;;;;;;;;;;;;;;;;;;
E-100250;Oração: o exercício contínuo da fé;João Calvino;;;2016;Vida;;;9,87854E+12;1;"Vida cristã; devocional; oração; devoção";VCE-C168;;;;;;;;;;;;;;;;;;;;
E-100251;Oração: o exercício contínuo da fé;João Calvino;;;2016;Vida;;;9,87854E+12;2;"Vida cristã; devocional; oração; devoção";VCE-C168;;;;;;;;;;;;;;;;;;;;
E-100252;Vestígios da Trindade: sinais de Deus na criação e na experiência humana;Peter J. Leithart;;;2018;Monergismo;;;9,78857E+12;1;"Vida cristã; cosmovisão trinitária";VCE-L533;;;;;;;;;;;;;;;;;;;;
E-100253;O mundo, a carne e o diabo;Russell P. Shedd;;2. ed. 1995;2006 (reimpr);Vida Nova;;;8527500310;1;"Vida cristã; ";VCE-S541;;;;;;;;;;;;;;;;;;;;
E-100254;Como viver e agradar a Deus;R. C. Sproul;;2.ed;2006;Cultura cristã;;;8576221519;1;"Vida cristã; santificação";VCE-S771;;;;;;;;;;;;;;;;;;;;
E-100255;Salvo de que? : compreendendo o significado da salvação;R. C. Sproul;;;2006;Vida;;;8573677945;1;"Teologia dogmática: salvação; soteriologia; ";TSS-S771;;;;;;;;;;;;;;;;;;;;
E-100256;O que todo presbiteriano inteligente deve saber;"Adão Carlos Nascimento; Alderi Souza de Matos";;;2007;SOCEP Editora;;;9,7886E+12;1;"Presbiterianismo; calvinismo; Igreja Presbiteriana; história";IP-N244;;;;;;;;;;;;;;;;;;;;
E-100257;O segredo do contentamento;William B. Barcley;;1.ed. 2014;2018 (reimpr);Nutra;;;9,78856E+12;1;"Vida cristã; contentamento";VCE-B244;;;;;;;;;;;;;;;;;;;;
E-100258;Nascido escravo;Martinho Lutero;;2.ed. 2007;2015 (reimpr);Fiel;;;9,7886E+12;1;"livre-arbítrio; doutrina reformada";TSS-L973;;;;;;;;;;;;;;;;;;;;
E-100259;Graça abundante ao principal dos pecadores: uma autobiografia de John Bunyan;John Bunyan;;1.ed. 2012;2015 (reimpr);Fiel;;;9,78858E+12;1;"Biografia; John Bunyan";B-B942;;;;;;;;;;;;;;;;;;;;
E-100260;Pregue: quando a teologia encontra-se com a prática;"Mark Dever; Greg Gilbert";;;2016;Fiel;;;9,78858E+12;1;"Pregação expositiva; homilética";Ho-D491;;;;;;;;;;;;;;;;;;;;
E-100261;A abolição do homem;C. S. Lewis;;;2017;Thomas Nelson;;;9,78858E+12;1;"Filosofia; cristianismo; valores; moralidade; ";FC-L673;;;;;;;;;;;;;;;;;;;;
E-100262;Política segundo a bíblia: princípios que todo cristão deve conhecer;Wayne Grudem;;;2014;Vida Nova;;;9,78853E+12;1;"Política; vida cristã";VC-G885;;;;;;;;;;;;;;;;;;;;
E-100263;Pregação bíblica: o desenvolvimento e a entrega de sermões expositivos;Haddon W. Robinson;;1.ed. 2002;2005 (reimpr.);Shedd Publicações;;;8588315173;1;"Pregação expositiva; homilética";Ho-R658;;;;;;;;;;;;;;;;;;;;
E-100264;As firmes resoluções de Jonathan Edwards: um perfil de homens piedosos;Steven J. Lawson;;1. ed. 2010;2014 (reimpr.);Fiel;;;9,7886E+12;1;"Vida cristã; santificação; biografia; Jonathan Edwards";VCE-L425;;;;;;;;;;;;;;;;;;;;
E-100265;Finalmente vivos: o que acontece quando nascemos de novo?;John Piper;;;2011;Fiel;;;9,7886E+12;1;"Conversão; novo nascimento; regeneração; salvação";TSS-P665;;;;;;;;;;;;;;;;;;;;
E-100266;Oração e a vida cristã;"John Knox; João Calvino";;1.ed. 2016;2017 (reimpr.);Vida;;;9,78854E+12;1;"Oração; Vida crista";VCE-K74;;;;;;;;;;;;;;;;;;;;
E-100267;O breve catecismo de Westminster;Assembleia de Westinster;;3.ed;2013;Cultura cristã;;;9,87858E+12;1;"Confissão de fé; símbolo de fé";SF-B846;;;;;;;;;;;;;;;;;;;;
E-100268;Pense biblicamente: recuperando a visão cristã de mundo;John Macarthur;;1.ed 2005;2013 (reimpr.);Hagnos;;;8589320715;1;"masculinidade; feminilidade; adoração; aconselhamento bíblico; ciência; economia; educação cristã; igrea e estado; cultura;arte; vida cristã; apologética";VC:A-M116;;;;;;;;;;;;;;;;;;;;
E-100269;Teologia da alegria: a plenitude da satisfação em Deus;John Piper;;1.ed. 2001;2003 (reimpr.);Shedd Publicações;;;8588315076;1;"Contentamento; vida cristã; hedonismo cristão";VCE-P665;;;;;;;;;;;;;;;;;;;;
E-100270;Mensagem para hoje;Martyn Lloyd-Jones;;2. ed;1998;Publicações Evangélicas Selecionadas;;;;1;Devocional;VCE-L793;;;;;;;;;;;;;;;;;;;;
E-100271;;;;;;;;;;;;;;;;;;;;;;;;;;;;;;;;
E-100272;Dinheiro, sexo e poder: um chamado à renovação ética;Richard J. Foster;;2.ed;2005;Mundo Cristão;;;8585670959;1;"vida cristã; ética cristã; ";VCF-F754;;;;;;;;;;;;;;;;;;;;
E-100273;Caridade e seus frutos: um estudo sobre o amor em Coríntios 13;Jonathan Edwards;;;2015;Fiel;;;9,78858E+12;1;"sermões; caridade; amor";VC-E26;;;;;;;;;;;;;;;;;;;;
E-100274;Prática de aconselhamento redentivo;Wadislau Martins Gomes;;;2014;"Monergismo; Refúgio";;;9,78856E+12;1;aconselhamento bíblico;AB-G633;;;;;;;;;;;;;;;;;;;;
E-100275;Morrer de tanto viver;Nathan D Wilson;;;2018;Monergismo;;;9,78857E+12;1;"vida cristã; cosmovisão";VCE-W746;;;;;;;;;;;;;;;;;;;;
E-100276;A confissão de fé de Westminster;Assembleia de Westinster;;17.ed.;reimpr. 2008;Cultura cristã;;;9,78858E+12;1;"símbolos de fé; confissão de fé";SF-C748;;;;;;;;;;;;;;;;;;;;
E-100277;Ministérios de misericórdia: o chamado para a estrada de Jericó;Timothy Keller;;;2016;Vida Nova;;;9,78853E+12;1;"igreja; problemas sociais; missões";MEI-K29;;;;;;;;;;;;;;;;;;;;
E-100278;A questão indígena: uma luta desigual: missões, manipulação e sacerdócio acadêmico;"Isaac Costa de Souza; Ronaldo Lidório (org.)";;;2008;Ultimato;;;9,78858E+12;1;"tribos indígenas; missões; animismo; evangelização";MEI-Q5;;;;;;;;;;;;;;;;;;;;
E-100279;O credo apostólico: as doutrinas centrais da fé;Franklin Ferreira;;;2015;Fiel;;;9,78858E+12;1;símbolo de fé;SI-F383;;;;;;;;;;;;;;;;;;;;
E-100280;40 questões para se interpretar a Bíblia;Robert L. Plummer;;;2017;Fiel;;;9,78858E+12;1;"interpretação bíblica; hermeneutica";HE;;;;;;;;;;;;;;;;;;;;
E-100281;O Antigo Testamento: entenda sua mensagem;Alec Motyer;;;2010;Shedd Publicações;;;9,78858E+12;1;estudo bíblico;EB-M922;;;;;;;;;;;;;;;;;;;;
E-100282;Uma perspectiva cristã sobre a homossexualidade;Valdeci da Silva Santos;;;2006;Cultura cristã;;;8576221381;1;"hossexualidade; ética cristã; vida cristã";VC:A-S237;;;;;;;;;;;;;;;;;;;;
E-100283;A busca da santidade;Jerry Bridges;;;2013;Monergismo;;;9,78856E+12;1;"sanntidade; vida cristã";VCE-B852;;;;;;;;;;;;;;;;;;;;
E-100284;O Conceito de teologia e pedagogia na Didática magna de Comenius;Edson Pereira Lopes;;;2003;Editora Mackenzie;Descoberta, 1;;8587739514;1;"educação cristã; pedagogia cristã; ";EC-L864;;;;;;;;;;;;;;;;;;;;
E-100285;Ajudando uns aos outros pelo aconselhamento;Gary R. Collins;;;2005;Vida Nova;;;8527503301;1;"aconselhamento; comportamento";AB-C712;;;;;;;;;;;;;;;;;;;;
E-100286;Reforma agora: o antídoto para a confusão evangélica no Brasil;Renato Vargens;;1.ed. 2013;2016 (reimpr.);Fiel;;;9,78858E+12;1;"solas da reforma; igreja; erros eclesiásticos";I-V297;;;;;;;;;;;;;;;;;;;;
E-100287;Martinho Lutero: uma coletânea de escritos;Martinho Lutero;;;2017;Vida Nova;Clássicos da Reforma;;9,78853E+12;1;"estudos; reforma protestante; teologia";T:HI-L973;;;;;;;;;;;;;;;;;;;;
E-100288;Futebol é bom para cristão: vestindo a camisa em honra a Deus;Emílio Garofalo Neto;;;2018;Monergismo;;;9,78857E+12;1;" futebol; espiritualidade; vida cristã";VCE-G237;;;;;;;;;;;;;;;;;;;;
E-100289;As Crônicas de Aedyn: os escolhidos;Alister MacGrath;;;2011;Hagnos;;As Crônicas de Aedyn, 1;9,78852E+12;1;"ficção cristã; literatura infanto-juvenil";LIJ-M147;;;;;;;;;;;;;;;;;;;;
E-100290;As Crônicas de Aedyn: o voo dos exilados;Alister MacGrath;;;2012;Hagnos;;As Crônicas de Aedyn, 2;9,78852E+12;1;"ficção cristã; literatura infanto-juvenil";LIJ-M147;;;;;;;;;;;;;;;;;;;;
E-100291;As Crônicas de Aedyn: o desvanecer das trevas;Alister MacGrath;;;2014;Hagnos;;As Crônicas de Aedyn, 3;9,78852E+12;1;"ficção cristã; literatura infanto-juvenil";LIJ-M147;;;;;;;;;;;;;;;;;;;;
E-100292;A Sociedade do Anel;J. R. R. Tolkien;1;;2019;Harper Collins;;O Senhor dos Anéis;9,7886E+12;1;"ficção cristã; literatura";LFC-T649;;;;;;;;;;;;;;;;;;;;
E-100293;As duas torres;J. R. R. Tolkien;2;;2019;Harper Collins;;O Senhor dos Anéis;9,7886E+12;1;"ficção cristã; literatura";LFC-T649;;;;;;;;;;;;;;;;;;;;
E-100294;O retorno do rei;J. R. R. Tolkien;3;;2019;Harper Collins;;O Senhor dos Anéis;9,7886E+12;1;"ficção cristã; literatura";LFC-T649;;;;;;;;;;;;;;;;;;;;
E-100295;O Silmarillion;J. R. R. Tolkien;;;2011;Martins Fontes;;;9,78858E+12;1;"ficção cristã; literatura";LFC-T649;;;;;;;;;;;;;;;;;;;;
E-100296;O sobrino do mago;C. S. Lewis;1;4.ed.;2014;Martins Fontes;;Crônicas de Nárnia;9,78858E+12;1;"ficção cristã; literatura infanto-juvenil";LIJ-L673;;;;;;;;;;;;;;;;;;;;
E-100297;O Leão, a Feiticeira e o guarda-roupa;C. S. Lewis;2;2.ed.;2003;Martins Fontes;;Crônicas de Nárnia;8533616155;1;"ficção cristã; literatura infanto-juvenil";LIJ-L673;;;;;;;;;;;;;;;;;;;;
E-100298;O cavalo e seu menino;C. S. Lewis;3;3.ed.;2011;Martins Fontes;;Crônicas de Nárnia;9,78858E+12;1;"ficção cristã; literatura infanto-juvenil";LIJ-L673;;;;;;;;;;;;;;;;;;;;
E-100299;Príncipe Caspian;C. S. Lewis;4;5.ed.;2017;Martins Fontes;;Crônicas de Nárnia;9,78855E+12;1;"ficção cristã; literatura infanto-juvenil";LIJ-L673;;;;;;;;;;;;;;;;;;;;
E-100300;A viagem do Peregrino da Álvorada;C. S. Lewis;5;2.ed.;2003;Martins Fontes;;Crônicas de Nárnia;853361618X;1;"ficção cristã; literatura infanto-juvenil";LIJ-L673;;;;;;;;;;;;;;;;;;;;
E-100301;A cadeira de prata;C. S. Lewis;6;3.ed.;2014;Martins Fontes;;Crônicas de Nárnia;9,78858E+12;1;"ficção cristã; literatura infanto-juvenil";LIJ-L673;;;;;;;;;;;;;;;;;;;;
E-100302;A última batalha;C. S. Lewis;7;3.ed.;2014;Martins Fontes;;Crônicas de Nárnia;9,78858E+12;1;"ficção cristã; literatura infanto-juvenil";LIJ-L673;;;;;;;;;;;;;;;;;;;;
E-100303;João Calvino no Brasil ou caminhos da providência;Valter Graciano Martins;;;2019;Monergismo;;;9,78857E+12;1;"biografia; predestinação; apologética; romanismo; livre-arbítrio";B-M386;;;;;;;;;;;;;;;;;;;;
E-100304;A sabedoria de Deus: um ano de devocionais diários em Provérbios;"Timothy Keller; Kathy Keller";;;2019;Vida Nova;;;9,78853E+12;1;"devocional; vida cristã; espiritualidade; sabedoria; ";VCE-K29;;;;;;;;;;;;;;;;;;;;
E-100305;A sabedoria de Deus: um ano de devocionais diários em Provérbios;"Timothy Keller; Kathy Keller";;;2019;Vida Nova;;;9,78853E+12;2;"devocional; vida cristã; espiritualidade; sabedoria; ";VCE-K29;;;;;;;;;;;;;;;;;;;;
E-100306;A sabedoria de Deus: um ano de devocionais diários em Provérbios;"Timothy Keller; Kathy Keller";;;2019;Vida Nova;;;9,78853E+12;3;"devocional; vida cristã; espiritualidade; sabedoria; ";VCE-K29;;;;;;;;;;;;;;;;;;;;
E-100307;Lições de um leito de hospital;John Piper;;;2017;Vida Nova;;;9,78853E+12;1;"doenças; vida cristã; sofrimento; enfermindade";VCE-P665;;;;;;;;;;;;;;;;;;;;
E-100308;Teologia Sistemática;Louis Berkhof;;4.ed. 2012;2021 (reimpr.);Cultura cristã;;;9,78858E+12;1;"doutrina; teologia sistemática";TS-B512;;;;;;;;;;;;;;;;;;;;
E-100309;Análise das Institutas de Calvino;Ford Lewis Battles;;;2022;Vida Nova;;;9,78656E+12;1;"Institutas; doutrina; teologia doutrinal; João Calvino";In-B336;;;;;;;;;;;;;;;;;;;;
E-100310;Oração: experimentando intimidade com Deus;Timothy Keller;;;2016;Vida Nova;;;9,78853E+12;1;"oração; vida cristã; espiritualidade; disciplina espiritual";VCE-K29;;;;;;;;;;;;;;;;;;;;
E-100311;Mentiras em que as garotas acreditam e a verdade que as liberta;"Nancy Leigh Demoss; Dannah Gresh";;;2014;Vida Nova;;;9,78853E+12;1;"vida cristã; espiritualidade; adolescentes; meninas; sofismas";VCE-D382;;;;;;;;;;;;;;;;;;;;
E-100312;Teologia visual: uma ferramenta inovadora para o estudo de Deus;"Tim Challies; Josh Byers";;;20016;Thomas Nelson;;;9,78858E+12;1;"teologia; vida cristã; estudo familiar; discipulado básico";VCE-C437;;;;;;;;;;;;;;;;;;;;
E-100313;Teologia visual: uma ferramenta inovadora para o estudo de Deus;"Tim Challies; Josh Byers";;;20016;Thomas Nelson;;;9,78858E+12;2;"teologia; vida cristã; estudo familiar; discipulado básico";VCE-C437;;;;;;;;;;;;;;;;;;;;
E-100314;Justificação pela fé somente: a marca da vitalidade espiritual da igreja;John MacArthur Jr. [et al.];;2.ed;2013;Cultura cristã;;;9,78858E+12;1;"Doutrina; vida cristã; justificação; ";TSS-J96;;;;;;;;;;;;;;;;;;;;
E-100315;Inspiração e inerrância das escrituras: uma perspectiva reformada;Hermisten Maia P. da Costa;;2.ed.;2008;Cultura cristã;;;9,78858E+12;1;"Doutrina bíblica; bíblia; cânon; ";TSB-C837;;;;;;;;;;;;;;;;;;;;
E-100316;Dia a dia com Spurgeon : manhã e noite : meditações diárias;Charles Haddon Spurgeon;;2.ed. 2017;2021 (reimpr.);Publicações Pão Diário;;;9,78168E+12;1;"vida cristã; devocional; meditação e devoção";VCE-S772;;;;;;;;;;;;;;;;;;;;
E-100317;Raízes da teologia contemporânea;Hermisten Maia P. da Costa;;2.ed.;2018;Cultura cristã;;;9,78858E+12;1;"Teologia contemporânea; filosofia; história da teologia; ";HT-C837;;;;;;;;;;;;;;;;;;;;
E-100318;Comentário expositivo do novo testamento: os evanelhos;Hernandes Dias Lopes;1;;2019;Hagnos;;Comentário expositivo;9,78858E+12;1;Comentário bíblico;RCo-L864;;;;;;;;;;;;;;;;;;;;
E-100319;Comentário expositivo do novo testamento: Atos e epístolas paulinas;Hernandes Dias Lopes;2;;2019;Hagnos;;Comentário expositivo;9,78858E+12;1;Comentário bíblico;RCo-L864;;;;;;;;;;;;;;;;;;;;
E-100320;Comentário expositivo do novo testamento: os evanelhos;Hernandes Dias Lopes;3;;2019;Hagnos;;Comentário expositivo;9,78858E+12;1;Comentário bíblico;RCo-L864;;;;;;;;;;;;;;;;;;;;
E-100321;O evangelho segundo Mateus: a narrativa do rei;Charles Haddon Spurgeon;;;2018;Hagnos;;;9,78858E+12;1;comentário bíblico;RCo-S772;;;;;;;;;;;;;;;;;;;;
E-100322;O cristão em uma sociedade não cristã: como posicionar-se biblicamente diante dos desafios contemporâneos;John Stott;;;2021;Thomas Nelson;;;9,78857E+12;1;"sociologia cristã; problemas sociais; igreja, vida cristã; apologética";VC-S888;;;;;;;;;;;;;;;;;;;;
E-100323;Verdadeira espiritualidade: uma vida cheia de beleza, que edifica e inspira;Francis Schaeffer;;3.ed. ;2021;Cultura cristã;;;9,78858E+12;1;"vida cristã; cosmovisão; ";VCE-S294;;;;;;;;;;;;;;;;;;;;
E-100324;Somos todos teólogos: uma introdução à teologia sistemática;R. C. Sproul;;;2017;Fiel;;;9,78858E+12;1;teologia sistemática;TS-S771;;;;;;;;;;;;;;;;;;;;
E-100325;As duas naturezas do redentor: a pessoa de Cristo;Heber Carlos de Campos;;2.ed.;2014;Cultura cristã;Fé evangélica;;9,78858E+12;1;"cristologia; teologia sistemática";TSC-C198;;;;;;;;;;;;;;;;;;;;
E-100326;O ser de Deus e suas obras: a providência e sua realização histórica;Heber Carlos de Campos;;2.ed.;2016;Cultura cristã;Fé evangélica;;9,78858E+12;1;"providência; doutrina bíblica";DB-C199;;;;;;;;;;;;;;;;;;;;
E-100327;Exposição sobre capítulo 7:1 a 8:4 : A Lei: suas funções e seus limites;D. M. Lloyd-Jones;;;2001;PES;;Romanos;;1;"comentário bíblico; romanos";Rco-L923;;;;;;;;;;;;;;;;;;;;
E-100328;Exposição sobre capítulos 8:17-38: A perseverança final dos santos;D. M. Lloyd-Jones;;;2002;PES;;Romanos;;1;"comentário bíblico; romanos";Rco-L923;;;;;;;;;;;;;;;;;;;;
E-100329;Exposição sobre capítulo 11 : Para a Glória de Deus;D. M. Lloyd-Jones;;;2002;PES;;Romanos;;1;"comentário bíblico; romanos";Rco-L923;;;;;;;;;;;;;;;;;;;;
E-100330;Exposição sobre capítulo 9: O soberano propósito de Deus;D. M. Lloyd-Jones;;;2003;PES;;Romanos;;1;"comentário bíblico; romanos";Rco-L923;;;;;;;;;;;;;;;;;;;;
E-100331;Pastorais;João Calvino;;;2015;Fiel;;Comentários Bíblicos João Calvino;9,7886E+12;1;"comentário bíblico; epístolas paulinas; I Timóteo; II Timóteo; Tito; Filemon";Rco-C168;;;;;;;;;;;;;;;;;;;;
E-100332;II Coríntios;João Calvino;;;2008;Fiel;;Comentários Bíblicos João Calvino;9,7886E+12;1;"Comentário Bíblico; II Coríntios";Rco-C168;;;;;;;;;;;;;;;;;;;;
E-100333;Salmos;João Calvino;2;;2011;Fiel;;Comentários Bíblicos João Calvino;9,7886E+12;1;"Comentário bíblico; Salmos";Rco-C168;;;;;;;;;;;;;;;;;;;;
E-100334;Salmos;João Calvino;4;;2009;Fiel;;Comentários Bíblicos João Calvino;9,7886E+12;1;"Comentário bíblico; Salmos";Rco-C168;;;;;;;;;;;;;;;;;;;;
E-100335;Eu sou: doutrina da revelação verbal;Heber Carlos de Campos;1;;2017;Fiel;;Eu sou;9,78858E+12;1;"Palavra de Deus; revelação; escrituras; ";TSB-C199;;;;;;;;;;;;;;;;;;;;
E-100336;Eu sou: os modos da revelação verbal;Heber Carlos de Campos;2;;2017;Fiel;;Eu sou;9,78858E+12;1;"Palavra de Deus; revelação; escrituras; ";TSB-C199;;;;;;;;;;;;;;;;;;;;
E-100337;Eu sou: características da revelação verbal;Heber Carlos de Campos;3;;2018;Fiel;;Eu sou;9,78858E+12;1;"Palavra de Deus; revelação; escrituras; ";TSB-C199;;;;;;;;;;;;;;;;;;;;
E-100338;Eu sou: a falsificação da revelação verbal no ensino do Antigo Testamento;Heber Carlos de Campos;4;;2019;Fiel;;Eu sou;9,78858E+12;1;"Palavra de Deus; revelação; escrituras; ";TSB-C199;;;;;;;;;;;;;;;;;;;;
E-100339;História da Reforma;Carter Lindberg;;;2017;Thomas Nelson;;;9,78858E+12;1;"História da Reforma; história da igreja; reforma protestante";HI-L742;;;;;;;;;;;;;;;;;;;;
E-100340;Teologia da Reforma;Matthew Barrett (edit.);;;2017;Thomas Nelson;;;9,78858E+12;1;"reforma protestante; teologia da reforma; ";HI-T314;;;;;;;;;;;;;;;;;;;;
E-100341;O direito à educação domiciliar;Alexandre Magno Fernandes Moreira;;;2017;Monergismo;;;9,78857E+12;1;"educação cristã; educação domiciliar; direito; legislação brasileira";EC-M838;;;;;;;;;;;;;;;;;;;;
E-100342;Introdução à educação cristã: ensino e crescimento;Perry G. Downs;;;2001;Cultura cristã;;;9,78859E+12;1;"educação cristã; educação de filhos; cresimento espiritual";EC-D751;;;;;;;;;;;;;;;;;;;;
E-100343;O príncipe e a taça de veneno;R. C. Sproul;;;2015;Fiel;;;9,78858E+12;1;"literatura infanfil; ficção cristã; vida cristã";LI-S771;;;;;;;;;;;;;;;;;;;;
E-100344;O peso da glória;C. S. Lewis;;;2017;Thomas Nelson;;;9,78858E+12;1;"vida cristã; teologia; sermões";VCE-L673;;;;;;;;;;;;;;;;;;;;
E-100345;A vida de João Calvino;Alister McGrath;;;2004;Cultura cristã;;;8576220296;1;"Biografia; João Calvino; reforma";B-M478;;;;;;;;;;;;;;;;;;;;
E-100346;O Deus e o mal: o problema resolvido;Gordon H. Clark;;2.ed.;2014;Monergismo;;;9,78856E+12;1;"Apologética; responsabilidade humada; livre-arbítrio;  determinismo; soberania";A-C592;;;;;;;;;;;;;;;;;;;;
E-100347;Sementes do calvinismo no Brasil Colonial: uma releitura da história do cristianismo brasileiro;Osvaldo Henrique Hack;;;2007;Cultura cristã;;;8576221799;1;"história da igreja; Brasil; calvinismo";HI-H118;;;;;;;;;;;;;;;;;;;;
E-100348;O maravilhoso evangelho de Cristo;Rosther Lopes;;;2015;-;;;-;1;"evangelho; pregação do evangelho; evangellismo";MEI-L864;;;;;;;;;;;;;;;;;;;;
E-100349;A Peregrina;John Bunyan;;;2021;Publicações Pão Diário;;;9,78165E+12;1;"literatura; ficção cristã";LFC-B942;;;;;;;;;;;;;;;;;;;;
E-100350;O Peregrino;John Bunyan;;;2021;Publicações Pão Diário;;;9,78659E+12;1;"literatura; ficção cristã";LFC-B942;;;;;;;;;;;;;;;;;;;;
E-100351;Ego transformado: a humildade que brota do evangelho e traz a verdadeira alegria;Timothy Keller;;;2014;Vida Nova;;;9,78853E+12;1;"vida cristã; espiritualidade";VCE-K29;;;;;;;;;;;;;;;;;;;;
E-100352;Ensino sobre o cristianismo;J. P. Wiles;;2.ed;2002;PES;;;-;1;"Institutas; doutrina; teologia doutrinal; João Calvino";In-W676;;;;;;;;;;;;;;;;;;;;
E-100353;Você é meu;Max Lucado;;;2011 (reimpr);Hagnos;;;8524302666;1;"literatura infantil; ficção cristã";LI-L932;;;;;;;;;;;;;;;;;;;;
E-100354;O pensamento econômico e social de Calvino;André Biéler;;2.ed;2012;Cultura cristã;;;9,78858E+12;1;"calvinismo; cosmovisão; apologética; economia; política; ética";A-B587;;;;;;;;;;;;;;;;;;;;
E-100355;Cristo e a teologia do pacto;Cornelis P. Venema;;;2019;Cultura cristã;;;9,78858E+12;1;"eleição; aliança; teologia do pacto";TS:TB-V456;;;;;;;;;;;;;;;;;;;;
E-100356;Fome por Deus;John Piper;;2.ed.;2013;Cultura cristã;;;9,78858E+12;1;"vida cristã; jejum e oração";VCE-P665;;;;;;;;;;;;;;;;;;;;
E-100357;Os quatro amores;C. S. Lewis;;;2017;Thomas Nelson;;;9,78858E+12;1;"amor; relacionamentos; vida cristã; filosofia cristã";VCE-L673;;;;;;;;;;;;;;;;;;;;
E-100358;A cruz do Rei;Timothy Keller;;2012;2020  (reimpr.);Vida Nova;;;9,78853E+12;1;"cristologia; Cristo; pessoa e missão";VC-K29;;;;;;;;;;;;;;;;;;;;
E-100359;A supremacia e a suficiência de Cristo: a mensagem de colossenses para a igreja de hoje;Augustus Nicodemus;;;2013;Vida Nova;;;9,78853E+12;1;"comentário bíblico; colossenses; vida cristã";VC-N633;;;;;;;;;;;;;;;;;;;;
E-100360;Teologia Concisa;J. I. Packer;;3.ed.;2014;Cultura cristã;;;9,78858E+12;1;"revelação de Deus; ser de Deus;";TST-P119;;;;;;;;;;;;;;;;;;;;
E-100361;Introdução aos livros históricos;Victor P. Hamilton;;;2018;Cultura cristã;;;9,78858E+12;1;"estudo bíblico; livros históricos";EB-H217;;;;;;;;;;;;;;;;;;;;
E-100362;A fé na era do ceticismo: como a razão explica Deus;Timothy Keller;;;2015;Vida Nova;;;9,78853E+12;1;"fé, apologética, ceticismo; razão";A-K29;;;;;;;;;;;;;;;;;;;;
E-100363;Deus na era secular: como céticos podem encontrar sentido no cristianismo;Timothy Keller;;;2018;Vida Nova;;;9,78853E+12;1;"fé, apologética, ceticismo; razão";A-K29;;;;;;;;;;;;;;;;;;;;
E-100364;Pregação: comunicando a fé na era do ceticismo;Timothy Keller;;;2017;Vida Nova;;;9,78853E+12;1;"pregação; homilética; apologética";A-K29;;;;;;;;;;;;;;;;;;;;
E-100365;Colocando o seu passado no devido lugar: seguindo em frente em plena liberdade e completo perdão;Stephen Viars;;;2012;Nutra;;;9,78856E+12;1;"aconselhamento bíblico; vida cristã.";AB-V619;;;;;;;;;;;;;;;;;;;;
E-100366;Teologia Bíblica: antigo e novo testamentos;Geerhardus Vos;;2.ed;2010;Cultura cristã;;;978-85-7622-873-8;1;"teologia bíblica; doutrina";TB-V959;;;;;;;;;;;;;;;;;;;;
E-100367;A Vinda do Reino;Herman Nicolaas Ridderbos;;;2010;Cultura cristã;;;978–857622–341–2;1;"teologia bíblica; escatologia; reino de Deus";TSEs-R543;;;;;;;;;;;;;;;;;;;;
E-100368;A promessa do futuro: O novo e tão esperado reino de Deus já rompeu durante o advento do Senhor Jesus Cristo.;Cornelis P. Venema;;;2017;Cultura cristã;;;978-85-7622-644-4;1;"escatologia; vida cristã ; estudo bíblico";TSEs-V456;;;;;;;;;;;;;;;;;;;;
E-100369;A vida futura segundo a Bíblia: mensagem sobre o futuro que o fortalece agora;William Hendriksen;;3.ed;2019;Cultura cristã;;;978-85-7622-765-6;1;"escatologia; vida cristã ; estudo bíblico";TSEs-H498;;;;;;;;;;;;;;;;;;;;
E-100370;Os últimos dias segundo Jesus;Robert Charles Sproul;;2.ed.;20016;Cultura cristã;;;978-85-7622-530-0;1;"escatologia; estudo bíblico";TSEs-S771;;;;;;;;;;;;;;;;;;;;
E-100371;O Deus que se revela;Francis A. Schhaeffer;;3.ed;2018;Cultura cristã;;;978-85-7622-657-4;1;"apologética; cosmovisão cristã";A-S328;;;;;;;;;;;;;;;;;;;;
E-100372;O Deus que intervem;Francis A. Schhaeffer;;3.ed.;2017;Cultura cristã;;;978-85-7622-600-0;1;"apologética; cosmovisão cristã";A-S328;;;;;;;;;;;;;;;;;;;;
E-100373;Como viveremos;Francis A. Schhaeffer;;2.ed.;2013;Cultura cristã;;;978-85-7622-472-3;1;"apologética; cosmovisão cristã";A-S328;;;;;;;;;;;;;;;;;;;;
E-100374;A busca da verdade;Nancy Pearcey;;;2018;Cultura cristã;;;978-85-7622-671-0;1;"apologética; cosmovisão cristã";A-P359;;;;;;;;;;;;;;;;;;;;
E-100375;Dicinário da ética cristã;Carl F. H. Henry (org.);;;2007;Cultura cristã;;;85-7622-072-5;1;"vida cristã; ética cristã; cosmovisão; apologética";RD-D546;;;;;;;;;;;;;;;;;;;;
E-100376;Apologética além da razão: Por que ver é realmente crer;James W. Sire;;;2017;Cultura cristã;;;978-85-7622-642-0;1;"apologética; cosmovisão cristã";A-S619;;;;;;;;;;;;;;;;;;;;
E-100377;Estudos bíblicos doutrinários: O tesouro teológico da Confissão de Fé de Westminster em 34 roteiros práticos;Eneziel Peixoto de Andrade;;5.ed;2019;Cultura cristã;;;978-85-7622-856-1;1;"estudo bíblico; símbolos de fé";SF-A554;;;;;;;;;;;;;;;;;;;;
E-100378;Criação e consumação: O Reino, a Aliança e o Mediador;Gerard van Groningen;V. 1;2.ed;2018;Cultura cristã;;;978-85-7622-678-9;1;"Estudo bíblico; escatologia; teologia bíblica (?)";TSEs-G876;;;;;;;;;;;;;;;;;;;;
E-100379;Criação e consumação: O Reino, a Aliança e o Mediador;Gerard van Groningen;V. 2;;2006;Cultura cristã;;;8576220482;1;"Estudo bíblico; escatologia; teologia bíblica (?)";TSEs-G876;;;;;;;;;;;;;;;;;;;;
E-100380;O Progresso da revelação no Antigo Testamento;Gerard van Groningen;;2.ed.;2018;Cultura cristã;;;978-85-7622-725-0;;"teologia bíblica (?); antigo testamento";TB-G876;;;;;;;;;;;;;;;;;;;;
E-100381;Uma História do Pensamento Cristão: Do início até o Concílio de Calcedônia;Justo L. Gonzáles;V.1;2.ed;2015;Cultura cristã;;;978–85–7622–545–4;1;"história da igreja; história da doutrina";HI-G643;;;;;;;;;;;;;;;;;;;;
E-100382;Uma História do Pensamento Cristão: De Agostinho às vésperas da Reforma;Justo L. Gonzáles;V.2;2.ed;2015;Cultura cristã;;;978–85–7622–546–1;1;"história da igreja; história da doutrina";HI-G643;;;;;;;;;;;;;;;;;;;;
E-100383;Uma História do Pensamento Cristão: Da Reforma Protestante ao século 20;Justo L. Gonzáles;V.3;2.ed;2015;Cultura cristã;;;978–85–7622–547–8;1;"história da igreja; história da doutrina";HI-G643;;;;;;;;;;;;;;;;;;;;
E-100384;A Obra do Espírito Santo;Abraham Kuyper;;;2011;Cultura cristã;;;978-85-7622-323-8;1;Pneumatologia (?);TSPn-K97;;;;;;;;;;;;;;;;;;;;
E-100385;Teologia Sistemática;John M. Frame;V.1;;2020;Cultura cristã;;;978-85-7622-858-5 ;1;Teologia Sistemática;TS-F813;;;;;;;;;;;;;;;;;;;;
E-100386;Teologia Sistemática;John M. Frame;V.2;;2020;Cultura cristã;;;978-85-7622-859-2;1;Teologia Sistemática;TS-F813;;;;;;;;;;;;;;;;;;;;
E-100387;Crise nas igrejas reformadas: Artigos em comemoração ao grande Sínodo de Dort 1618–1619;Peter Y. de Jong (org.);;;2018;Cultura cristã;;;978-85-7622-854-7;1;"símbolos de fé; soteriologia; história da igreja reformada";HI-C932;;;;;;;;;;;;;;;;;;;;
E-100388;"Calvino e a vida cristã; Para glorificar a Deus e alegrar-se nele para sempre";Michael S. Horton;;;2017;Cultura cristã;;Teólogos e a vida cristã;978-85-7622-680-2;1;"biografia; vida cristã";B-H823;;;;;;;;;;;;;;;;;;;;
E-100389;Francis Schaeffer e a Vida Cristã: A espiritualidade contracultural;William Edgar;;;2018;Cultura cristã;;Teólogos e a vida cristã;978-85-7622-714-4;1;"biografia; vida cristã";B-E23;;;;;;;;;;;;;;;;;;;;
E-100390;John Newton e a Vida Cristã: O ex-traficante de escravos e piedoso autor de Amazing Grace ninguém desejava além de Jesus;Tony Reinke;;;2018;Cultura cristã;;Teólogos e a vida cristã;978-85-7622-713-7;1;"biografia; vida cristã";B-R372;;;;;;;;;;;;;;;;;;;;
E-100391;Jonathan Edwards e a Vida Cristã: Viver para a beleza de Deus;Dane C. Ortlund;;;2018;Cultura cristã;;Teólogos e a vida cristã;978-85-7622-698-7;1;"biografia; vida cristã";B-O77;;;;;;;;;;;;;;;;;;;;
E-100392;Lutero e a Vida Cristã: Teologia e vida alicerçadas na cruz de Cristo;Carl Trueman;;;2018;Cultura cristã;;Teólogos e a vida cristã;978-85-7622-699-4;1;"biografia; vida cristã";B-T866;;;;;;;;;;;;;;;;;;;;
E-100393;História da Presbiteriana de Alto Jequitibá;Anderson Sathler (org.);-;-;1991;Editora Betânia;-;-;-;1;"história da igreja; igreja presbiteriana";IP-H673;;;;;;;;;;;;;;;;;;;;
E-100394;Ensinando para transformar vidas;Howard Hendricks;-;-;1991;Editora Betânia;-;-;-;1;"ensino; professor; mestre";E-H498;;;;;;;;;;;;;;;;;;;;
E-100395;Deus fez meninos e meninas: audando crianças a entenderem o dom do gênero;Marty Machowski;-;-;2021;Fiel;-;-;9,78656E+12;1;"sexualidade; educação sexual cristã";LI-M151;;;;;;;;;;;;;;;;;;;;
E-100396;Comentário do Novo Testamento: Apocalipse;Simon Kistemaker;-;2.ed. ;2014;Cultura cristã;-;-;9,78858E+12;1;"comentário bíblico; apocalipse";Rco-K61;;;;;;;;;;;;;;;;;;;;
E-100397;Comentário do Novo Testamento: 1 Coríntios;Simon Kistemaker;-;;2014;Cultura cristã;-;-;9,78858E+12;1;"comentário bíblico; apocalipse";Rco-K61;;;;;;;;;;;;;;;;;;;;
E-100398;Introdução à Interpretação Bíblica;"William W. Klein ; Craig L. Blomberg ; Robert L. Hubbard Jr.";;;2017;Thomas Nelson;-;-;9,78858E+13;1;hermeneutica;He-K64;;;;;;;;;;;;;;;;;;;;
E-100399;Teologia Sistemática;Charles Hodge;;;2001;Hagnos;-;-;9,78859E+12;1;Teologia Sistemática;TS-H688;;;;;;;;;;;;;;;;;;;;
E-100400;Evolução teísta: uma crítica científica, fisolófica e teológica;J. P. Moreland (ed.);-;-;2021;Vida Nova;-;-;9,78656E+12;1;"criacionismo; evolucionismo; ciência; filosofia";A-E93;;;;;;;;;;;;;;;;;;;;
E-100401;Em busca de significado: vendo a imagem de Deus no homem;R. C. Sproul;-;-;2022;Vida Nova;-;-;9,78656E+12;1;"dignidade humana; ";VC-S771;;;;;;;;;;;;;;;;;;;;
E-100402;A arte não precisa de justificativa;H. R. Rookmaaker;-;-;2010;Ultimato;-;-;9,78858E+12;1;"arte; artistas";VC-R777;;;;;;;;;;;;;;;;;;;;
E-100403;Aconselhamento a pessoas no final da vida;Eleny Vassão;-;5. ed;2014;Cultura cristã;-;-;9,78858E+12;1;"aconselhamento bíblico; enfermos; morte.";AB-V337;;;;;;;;;;;;;;;;;;;;
E-100404;O Cristo dos pactos;O. Palmer Robertson;-;2.ed;2018 (reimpr.);Cultura cristã;-;-;9,78858E+12;1;"estudo bíblico; teologia da aliança; teologia do pacto";TBTC-R649;;;;;;;;;;;;;;;;;;;;
E-100405;Filosofia : uma perspectiva cristã;"Norman L. Geisler ; Paul D. Feinberg";-;3.ed;2016;Vida Nova;-;-;9,78853E+12;1;filosofia cristã;FC-G313;;;;;;;;;;;;;;;;;;;;
E-100406;O universo ao lado: um catálogo básico sobre cosmovisão;James W. Sire;-;5.ed;2018;Monergismo;-;-;9,78857E+12;1;"apologética; ideologia; cosmovisão";A-S619;;;;;;;;;;;;;;;;;;;;
E-100407;Introdução à cosmovisão reformada: um desafio a se viver responsavelmente a fé professada;Hermisten Maia P. da Costa;-;;2017;Ed. Cruz;-;-;9,78857E+12;1;"cosmovisão teológica; ciência e religião; filosofia da religião; calvinismo; reforma protestante";A-C837;;;;;;;;;;;;;;;;;;;;
E-100408;Dogmática Reformada: Prolegômena;Herman Bavinck;1;-;2012;Cultura cristã;-;-;9,78858E+12;1;Teologia;DG-B354;;;;;;;;;;;;;;;;;;;;
E-100409;Dogmática Reformada: Deus e a criação;Herman Bavinck;2;;2012;Cultura cristã;-;-;9,78858E+13;1;Teologia;DG-B354;;;;;;;;;;;;;;;;;;;;
E-100410;Dogmática Reformada: o pecado e a salvação em Cristo;Herman Bavinck;3;;;Cultura cristã;-;-;9,78858E+12;1;Teologia;DG-B354;;;;;;;;;;;;;;;;;;;;
E-100411;Dogmática Reformada: Espírito Santo. igreja e nova criação;Herman Bavinck;4;;;Cultura cristã;-;-;9,78858E+12;1;Teologia;DG-B354;;;;;;;;;;;;;;;;;;;;
E-100412;Introdução à educação cristã;Hermisten Maia P. da Costa;-;-;2013;Monergismo;-;-;9,78856E+12;1;"educação cristã; educação de filhos; cresimento espiritual";EC-C837;;;;;;;;;;;;;;;;;;;;
E-100413;O Peregrino;John Bunyan;-;-;2019;Principis;-;-;9,78859E+12;1;"literatura; ficção cristã";LFC-B942;;;;;;;;;;;;;;;;;;;;
E-100414;A confissão de fé de Westminster;Assembleia de Westinster;;17.ed.;2001;Cultura cristã;-;-;9,78858E+12;2;"símbolos de fé; confissão de fé";SF-C748;;;;;;;;;;;;;;;;;;;;
E-100415;Discipulado;Dietrich Bonhoeffer;-;1.ed;2016;Mundo Cristão;-;-;9,78854E+12;1;"vida cristã ; discipulado";VCE-B714;;;;;;;;;;;;;;;;;;;;
E-100416;Destinados para a glória;Hernandes Dias Lopes;-;-;2012;Hagnos;-;-;9,78856E+12;1;"vida cristã ; consolo ; romanos";VCE-L864;;;;;;;;;;;;;;;;;;;;
E-100417;O racismo, a cruz e o cristão : a nova linhagem em Cristo;John Piper;-;-;2012;Vida Nova;-;-;9,78853E+12;1;"vida cristã ; discriminação racial ; recismo";VCE-P665;;;;;;;;;;;;;;;;;;;;
E-100418;Beren e Lúthien;J. R. R. Tolkien;-;1.ed;2018;Harper Collins;-;-;9,7886E+12;1;Ficção cristã;LFC-T649;;;;;;;;;;;;;;;;;;;;
E-100419;Movimento da liberdade: os 500 anos da Reforma;Michael Reeves;;;2017;Monergismo;;;9788569980;3;"história da igreja; reforma protestante";HI-R332;;;;;;;;;;;;;;;;;;;;
E-100420;O esconderijo de Zoe : quando você estiver ansioso;David Powlison (org.);;1.ed;2021;Fiel;Boas-novas para os coraçõezinhos;;9,78656E+12;1;"literatura infantil; ficção cristã ; ansiedade ; medo";LI-E74;;;;;;;;;;;;;;;;;;;;
E-100421;Henrique diz adeus : quando você estiver triste;Edward T. Welch (org.);;1. ed.;2021;Fiel;Boas-novas para os coraçõezinhos;;9,78656E+12;1;"literatura infantil; ficção cristã ; tristeza ; luto ; perda";LI-H519;;;;;;;;;;;;;;;;;;;;
E-100422;Laura sai do casco : quando estiver sozinhho;Jane V. Clark (org.);;1. ed.;2021;Fiel;Boas-novas para os coraçõezinhos;;9,97866E+13;1;"literatura infantil; ficção cristã ; solidão";LI-L377;;;;;;;;;;;;;;;;;;;;
E-100423;Deus nos fez assim : celebrando o design de Deus para a diversidade étnica;Shai Linne ;;1.ed.;2019;Fiel;;;9,78858E+12;1;"literatura infantil; ficção cristã ; etnia ; antropologia ; respeito";LI-L758;;;;;;;;;;;;;;;;;;;;
E-100424;O jumentinho que carregou um rei;R. C. Sproul;;1.ed;2017;Fiel;;;9,78858E+12;1;"literatura infantil; ficção cristã ";LI-S771;;;;;;;;;;;;;;;;;;;;
E-100425;Sofia toma uma atitude: quando você tiver medo de ser excluído;Paul David Tripp;;1. ed,;2022;Fiel;Boas-novas para os coraçõezinhos;;9,78656E+12;1;"literatura infantil; ficção cristã ; conduta ; amizade ; relacionamentos";LI-T836;;;;;;;;;;;;;;;;;;;;
E-100426;Caio estraga a festa: quando você sentir inveja;Edward T. Welch (org.);;1. ed,;2022;Fiel;Boas-novas para os coraçõezinhos;;9,78656E+12;1;"literatura infantil; ficção cristã ; relacionamentos ; conduta";LI-W439;;;;;;;;;;;;;;;;;;;;
E-100427;Aninha conta mentirinhas: quando é difícil falar a verdade;Edward T. Welch (org.);;1. ed,;2022;Fiel;Boas-novas para os coraçõezinhos;;9,78656E+12;1;"literatura infantil; ficção cristã ; conduta ; reponsabilidade";LI-W439;;;;;;;;;;;;;;;;;;;;
E-100428;A luz do mundo ;R. C. Sproul;;1.ed;2019;Fiel;;;9,78858E+12;1;"literatura infantil; ficção cristã ; medo do escuro ; natal";LI-S771;;;;;;;;;;;;;;;;;;;;
E-100429;Animais da Bíblia ;Richard Newton;;1.ed;2021;Shema Publicações;;;9,7866E+12;1;"literatura infantil ; vida cristã ; sermões";LI-N561;;;;;;;;;;;;;;;;;;;;
E-100430;Contra o fluxo;Augustus Nicodemus;;1.ed;2017;BT Books ;;;9,78857E+12;1;"Vida cristã; Ética cristã; conduta de vida";VCE-N633;;;;;;;;;;;;;;;;;;;;
E-100431;Sermão n.115 Por que são salvos os homens?;C. H. Spurgeon ;;1.ed;2009;Monergismo;;;;1;"Doutrina; salvação; sermão; pregação expositiva";-S772;;;;;;;;;;;;;;;;;;;;
E-100432;Voando nas alturas : dez princípios para uma vida bem-suedida;Hernandes Dias Lopes;;1. ed.;1999;Candeia;;;8573520132;1;"Vida cristã ; conduta de vida";VCE-L864;;;;;;;;;;;;;;;;;;;;
E-100433;Jonas : o missionário bem-sucedido que fracassou!;Stuart Olyott;;1. ed.;2020;Fiel;;;9,78858E+12;4;"missões; evangellismo; vida cristã";MEI-O53;;;;;;;;;;;;;;;;;;;;
E-100434;A Tentação / A Mortificação do Pecado / O que todo cristão precisa saber;John Owen ;;1.ed;2000;Imprensa da Fé;;;;1;"Vida cristão; tentação; pecado; mortificação; coração";VCE-O97;;;;;;;;;;;;;;;;;;;;
E-100435;Apocalipse / O futuro chegou / As coisas que em breve devem acontecer ;Hernandes Dias Lopes ;;1.ed;2005;Hagnos;;;85893207580;1;"Comentário bíblico; apocalipse; futuro";RCo-L864;;;;;;;;;;;;;;;;;;;;
E-100436;Aliança perigosa;Hernandes Dias Lopes ;;1.ed;2008;Hagnos;;;9,78858E+12;1;"Vida cristã; sermão; Josué; julgo desigual";VCE-L864;;;;;;;;;;;;;;;;;;;;
E-100437;Deus cegou ao Tibete;Allan Maberly;;1. ed;2006;Horizontes;;;8589195651;1;"missões; evangellismo; vida cristã";MEI-M112;;;;;;;;;;;;;;;;;;;;
E-100438;Dinheiro / A prosperidade que vem de Deus ;Hernandes Dias Lopes ;;1. ed;2009;Hagnos;;;9,78852E+12;1;"Vida cristã; dinheiro; prosperidade; trabalho";VCF-L864;;;;;;;;;;;;;;;;;;;;
E-100439;Prática do aconselamento redentivo;Wadislau Martins Gomes;;1. ed.;2014;Monergismo;;;9,78856E+12;1;"Aconselhamento bíblico ; aconselhamento cristão";AB-G633;;;;;;;;;;;;;;;;;;;;
E-100440;O batismo cristão : Imersão ou aspersão?;Charles Hodge;;3.ed;2014;Cultura cristã;;;978858688684X;1;"Eclesiologia, Sacramento ; Batismo";TSEcs-H688;;;;;;;;;;;;;;;;;;;;
E-100441;Fé cristã e misticismo;"Alderi Souza de Matos ; Francisco Solano Portela Neto ; Heber Carlos de Campos ; Augustus Nicodemos Lopes";;2.ed;2013;Cultura cristã;;;9,78858E+12;1;"Apologética ; neopentecostalismo ; sobrenatural";A-M433;;;;;;;;;;;;;;;;;;;;
E-100442;A abolição do homem ;C.S.Lewis;;2.ed;2012;WMF Martins Fontes;;;9,78858E+12;2;"Filosofia; cristianismo; valores; moralidade; ";FC-L673;;;;;;;;;;;;;;;;;;;;
E-100443;Coram Deo a vida perante Deus : ;Felipe Sabino de Araújo Neto (ed.);;1;2017;Monergismo;;;9,78857E+12;1;"Antologia ; ensaios ; vida cristã ; teologia ; biografia ; homenagens";RAn-C788;;;;;;;;;;;;;;;;;;;;
E-100444;Quem é o Espírito Santo? / Questões cruciais ;R.C.Sproul;;1.ed;2013;Fiel;Questões Cruciais - n.12;;9,78858E+12;2;"primeiros passos; discipulado básico; Espírito Santo; pneumatologia";DiB-S771;;;;;;;;;;;;;;;;;;;;
E-100445;Fundamentos da Teologia Reformada ;Hermisten Maia;;1.ed;2007;Mundo Cristão;Coleção teologia brasileira;;9,78857E+12;2;"Teologia; fundamentos; cristianismo; igreja reformada";TS-C837;;;;;;;;;;;;;;;;;;;;
E-100446;Quem sou eu? / Nossa identidade em Cristo ;Jerry Bridges;;1.ed;2015;Vida Nova;;;9,78853E+12;1;"Vida cristã; identidade; justificação; adoção; santificação";VCE-B852;;;;;;;;;;;;;;;;;;;;
E-100447;Negócios para a Glória de Deus ;Wayne Grudem;;1.ed;2006;Cultura cristã;;;8576221209;1;"Vida Cristã; trabalho; negócios; dinheiro";VCF-G885;;;;;;;;;;;;;;;;;;;;
E-100448;The prodigal God / recovering the heart of the Cristian faith;Timothy Keller ;;1.ed;2008;Penguin Group;;;9,78053E+12;1;"Vida cristã; pecado; arrependimento; salvação; santificação";VCE-K29;Inglês;;;;;;;;;;;;;;;;;;;
E-100449;Indígenas do Brasil / avaliando a missão da igreja ;Ronaldo Lidório (organizador);;1.ed;2005;Ultimato;;;8586539791;1;"Missões; evangelismo; indígenas; Brasil";MEI-L715;;;;;;;;;;;;;;;;;;;;
E-100450;João Amós Comênio e as origens da ideologia pedagógica : oinspirador das reformas escolares modernas;Jean-Marc Berthoud;;1.ed.;2017;Monergismo;;;9,78857E+12;1;Educação cristã;EC-B539;;;;;;;;;;;;;;;;;;;;
E-100451;Antropologia missionária;Ronaldo Lidório;;;2008;;;;9,78858E+12;2;"Missões; antropologia; intercultura";MEI-L715;;;;;;;;;;;;;;;;;;;;
E-100452;Palavras de amor / A doçura do Amor e Casamento nas Cartas de Cristãos ;Michael A.G. Haykin e Victoria J. Haykin;;1.ed;2011;Fiel;;;9,7886E+12;1;Vida cristã, Casamento ;VCF-H419;;;;;;;;;;;;;;;;;;;;
E-100453;Um marido olhando a sua esposa ;Wadislau Martins Gomes;;1.ed;2014;Monergismo;;;9,78856E+12;1;"Vida cristã; casamento; aconselhamento ";VCF-G633;;;;;;;;;;;;;;;;;;;;
E-100454;Sem tempo para Deus / intimidade com Cristo para mães atarefadas ;Gloria Furman;;1.ed;2015;Fiel;;;9,78858E+12;1;"Vida Cristã; mães; filhos; família; ";VCF-F986;;;;;;;;;;;;;;;;;;;;
E-100455;Como homens precisam liderar suas famílias ;Joel R. Beeke ;;1.ed;2023;Éden;;;9,78658E+12;1;"Vida cristã; homens; liderança; família";VCF-B414;;;;;;;;;;;;;;;;;;;;
E-100456;O caminho para o filho andar / como usar as escrituras no treinamento dos filhos ;Lou Priolo;;2.ed;2008;Nutra Publicações ;;;9,78856E+12;1;"Vida cristã; pais; filhos; educação; ensino";VCF-P958;;;;;;;;;;;;;;;;;;;;
E-100457;Predicando com fidelidade: introducción a la homilética ;Rosther Guimarães Lopes;;;2015;;;;;2;"homilética; pregação; ";Ho-L864;Espanhol;;;;;;;;;;;;;;;;;;;
E-100458;Adoração reformada ;Terry L. Johnson;;1.ed;2014;Monergismo;;;9,78856E+12;1;"adoração; igreja; adoração congregacional; eclesiologia";TSEc-J66;;;;;;;;;;;;;;;;;;;;
E-100459;Qual é a relação entre Igreja e Estado? ;R.C. Sproul;;1.ed;2014;Fiel;Questões Cruciais - n.18;;9,78858E+12;1;"primeiros passos; discipulado básico; política; Estado; teologia pública";VC-S771;;;;;;;;;;;;;;;;;;;;
E-100460;A adoração a Baal antiga e moderna;Stephen C. Perks;;1.ed;2016;Monergismo;;;9,78857E+12;1;"Vida cristã; política; Estado; sincretismo; idolatria política";VC-P451;;;;;;;;;;;;;;;;;;;;
E-100461;Bíblia de recursos para o ministério de crianças;;;2. ed;2015 (reimpr.);Hagnos;;;8589320235;1;"Bíblia de estudo ; crianças ; evangelização de crianças ; infantil ; ensino ; professores";RBE-B582;;;;;;;;;;;;;;;;;;;;
E-100462;A Filosofia Cristã da Alimentação ;Peter Bringe;;1.ed;2014;Monergismo;;;9,78856E+12;1;"Vida cristã; alimentação; saúde; cultura";VC-B858;;;;;;;;;;;;;;;;;;;;
E-100463;Socorro não tenho tempo;"Carolyn Mahaney; Nicole Whitacre; Kristin Chesemore; Janelle Bradshaw";;;2012;Monergismo;;;9,78856E+12;3;"Vida cristã; gestão do tempo; organização";VC-S678;;;;;;;;;;;;;;;;;;;;
E-100464;The meaning of marriage / facing the complexities of commitment with the wisdom of God;Timothy J. Keller ;;1.ed;2011;Penguin Group;;;9,78053E+12;1;"Vida cristã; casamento";VCF-K29;Inglês;;;;;;;;;;;;;;;;;;;
E-100465;A batalha pertence ao Senhor / O Poder das Escrituras para a defesa de nossa fé;K. Scott Oliphint;;1.ed;2013;Monergismo;;;9,78856E+12;1;"Apologética; escrituras; ";A-O47;;;;;;;;;;;;;;;;;;;;
E-100466;Homossexualismo uma análise bíblica;Greg L. Bahnsen;;2.ed;2018;Monergismo;;;9,78856E+12;1;"Apologética; homossexualidade; ética";A-B151;;;;;;;;;;;;;;;;;;;;
;;;;;;;;;;;;;;;;;;;;;;;;;;;;;;;;
;;;;;;;;;;;;;;;;;;;;;;;;;;;;;;;;
;;;;;;;;;;;;;;;;;;;;;;;;;;;;;;;;
;;;;;;;;;;;;;;;;;;;;;;;;;;;;;;;;
;;;;;;;;;;;;;;;;;;;;;;;;;;;;;;;;
;;;;;;;;;;;;;;;;;;;;;;;;;;;;;;;;
;;;;;;;;;;;;;;;;;;;;;;;;;;;;;;;;
;;;;;;;;;;;;;;;;;;;;;;;;;;;;;;;;
;;;;;;;;;;;;;;;;;;;;;;;;;;;;;;;;
;;;;;;;;;;;;;;;;;;;;;;;;;;;;;;;;
;;;;;;;;;;;;;;;;;;;;;;;;;;;;;;;;
;;;;;;;;;;;;;;;;;;;;;;;;;;;;;;;;
;;;;;;;;;;;;;;;;;;;;;;;;;;;;;;;;
;;;;;;;;;;;;;;;;;;;;;;;;;;;;;;;;
;;;;;;;;;;;;;;;;;;;;;;;;;;;;;;;;
;;;;;;;;;;;;;;;;;;;;;;;;;;;;;;;;
;;;;;;;;;;;;;;;;;;;;;;;;;;;;;;;;
;;;;;;;;;;;;;;;;;;;;;;;;;;;;;;;;
;;;;;;;;;;;;;;;;;;;;;;;;;;;;;;;;
;;;;;;;;;;;;;;;;;;;;;;;;;;;;;;;;
;;;;;;;;;;;;;;;;;;;;;;;;;;;;;;;;
;;;;;;;;;;;;;;;;;;;;;;;;;;;;;;;;
;;;;;;;;;;;;;;;;;;;;;;;;;;;;;;;;
;;;;;;;;;;;;;;;;;;;;;;;;;;;;;;;;
;;;;;;;;;;;;;;;;;;;;;;;;;;;;;;;;
;;;;;;;;;;;;;;;;;;;;;;;;;;;;;;;;
;;;;;;;;;;;;;;;;;;;;;;;;;;;;;;;;
;;;;;;;;;;;;;;;;;;;;;;;;;;;;;;;;
;;;;;;;;;;;;;;;;;;;;;;;;;;;;;;;;
;;;;;;;;;;;;;;;;;;;;;;;;;;;;;;;;
;;;;;;;;;;;;;;;;;;;;;;;;;;;;;;;;
;;;;;;;;;;;;;;;;;;;;;;;;;;;;;;;;
;;;;;;;;;;;;;;;;;;;;;;;;;;;;;;;;
;;;;;;;;;;;;;;;;;;;;;;;;;;;;;;;;
;;;;;;;;;;;;;;;;;;;;;;;;;;;;;;;;
;;;;;;;;;;;;;;;;;;;;;;;;;;;;;;;;
;;;;;;;;;;;;;;;;;;;;;;;;;;;;;;;;
;;;;;;;;;;;;;;;;;;;;;;;;;;;;;;;;
;;;;;;;;;;;;;;;;;;;;;;;;;;;;;;;;
;;;;;;;;;;;;;;;;;;;;;;;;;;;;;;;;
;;;;;;;;;;;;;;;;;;;;;;;;;;;;;;;;
;;;;;;;;;;;;;;;;;;;;;;;;;;;;;;;;
;;;;;;;;;;;;;;;;;;;;;;;;;;;;;;;;
;;;;;;;;;;;;;;;;;;;;;;;;;;;;;;;;
;;;;;;;;;;;;;;;;;;;;;;;;;;;;;;;;
;;;;;;;;;;;;;;;;;;;;;;;;;;;;;;;;
;;;;;;;;;;;;;;;;;;;;;;;;;;;;;;;;
;;;;;;;;;;;;;;;;;;;;;;;;;;;;;;;;
;;;;;;;;;;;;;;;;;;;;;;;;;;;;;;;;
;;;;;;;;;;;;;;;;;;;;;;;;;;;;;;;;
;;;;;;;;;;;;;;;;;;;;;;;;;;;;;;;;
;;;;;;;;;;;;;;;;;;;;;;;;;;;;;;;;
;;;;;;;;;;;;;;;;;;;;;;;;;;;;;;;;
;;;;;;;;;;;;;;;;;;;;;;;;;;;;;;;;
;;;;;;;;;;;;;;;;;;;;;;;;;;;;;;;;
;;;;;;;;;;;;;;;;;;;;;;;;;;;;;;;;
;;;;;;;;;;;;;;;;;;;;;;;;;;;;;;;;
;;;;;;;;;;;;;;;;;;;;;;;;;;;;;;;;
;;;;;;;;;;;;;;;;;;;;;;;;;;;;;;;;
;;;;;;;;;;;;;;;;;;;;;;;;;;;;;;;;
;;;;;;;;;;;;;;;;;;;;;;;;;;;;;;;;
;;;;;;;;;;;;;;;;;;;;;;;;;;;;;;;;
;;;;;;;;;;;;;;;;;;;;;;;;;;;;;;;;
;;;;;;;;;;;;;;;;;;;;;;;;;;;;;;;;
;;;;;;;;;;;;;;;;;;;;;;;;;;;;;;;;
;;;;;;;;;;;;;;;;;;;;;;;;;;;;;;;;
;;;;;;;;;;;;;;;;;;;;;;;;;;;;;;;;
;;;;;;;;;;;;;;;;;;;;;;;;;;;;;;;;
;;;;;;;;;;;;;;;;;;;;;;;;;;;;;;;;
;;;;;;;;;;;;;;;;;;;;;;;;;;;;;;;;
;;;;;;;;;;;;;;;;;;;;;;;;;;;;;;;;
;;;;;;;;;;;;;;;;;;;;;;;;;;;;;;;;
;;;;;;;;;;;;;;;;;;;;;;;;;;;;;;;;
;;;;;;;;;;;;;;;;;;;;;;;;;;;;;;;;
;;;;;;;;;;;;;;;;;;;;;;;;;;;;;;;;
;;;;;;;;;;;;;;;;;;;;;;;;;;;;;;;;
;;;;;;;;;;;;;;;;;;;;;;;;;;;;;;;;
;;;;;;;;;;;;;;;;;;;;;;;;;;;;;;;;
;;;;;;;;;;;;;;;;;;;;;;;;;;;;;;;;
;;;;;;;;;;;;;;;;;;;;;;;;;;;;;;;;
;;;;;;;;;;;;;;;;;;;;;;;;;;;;;;;;
;;;;;;;;;;;;;;;;;;;;;;;;;;;;;;;;
;;;;;;;;;;;;;;;;;;;;;;;;;;;;;;;;
;;;;;;;;;;;;;;;;;;;;;;;;;;;;;;;;
;;;;;;;;;;;;;;;;;;;;;;;;;;;;;;;;
;;;;;;;;;;;;;;;;;;;;;;;;;;;;;;;;
;;;;;;;;;;;;;;;;;;;;;;;;;;;;;;;;
;;;;;;;;;;;;;;;;;;;;;;;;;;;;;;;;
;;;;;;;;;;;;;;;;;;;;;;;;;;;;;;;;
;;;;;;;;;;;;;;;;;;;;;;;;;;;;;;;;
;;;;;;;;;;;;;;;;;;;;;;;;;;;;;;;;
;;;;;;;;;;;;;;;;;;;;;;;;;;;;;;;;
;;;;;;;;;;;;;;;;;;;;;;;;;;;;;;;;
;;;;;;;;;;;;;;;;;;;;;;;;;;;;;;;;
;;;;;;;;;;;;;;;;;;;;;;;;;;;;;;;;
;;;;;;;;;;;;;;;;;;;;;;;;;;;;;;;;
;;;;;;;;;;;;;;;;;;;;;;;;;;;;;;;;
;;;;;;;;;;;;;;;;;;;;;;;;;;;;;;;;
;;;;;;;;;;;;;;;;;;;;;;;;;;;;;;;;
;;;;;;;;;;;;;;;;;;;;;;;;;;;;;;;;
;;;;;;;;;;;;;;;;;;;;;;;;;;;;;;;;
;;;;;;;;;;;;;;;;;;;;;;;;;;;;;;;;
;;;;;;;;;;;;;;;;;;;;;;;;;;;;;;;;
;;;;;;;;;;;;;;;;;;;;;;;;;;;;;;;;
;;;;;;;;;;;;;;;;;;;;;;;;;;;;;;;;
;;;;;;;;;;;;;;;;;;;;;;;;;;;;;;;;
;;;;;;;;;;;;;;;;;;;;;;;;;;;;;;;;
;;;;;;;;;;;;;;;;;;;;;;;;;;;;;;;;
;;;;;;;;;;;;;;;;;;;;;;;;;;;;;;;;
;;;;;;;;;;;;;;;;;;;;;;;;;;;;;;;;
;;;;;;;;;;;;;;;;;;;;;;;;;;;;;;;;
;;;;;;;;;;;;;;;;;;;;;;;;;;;;;;;;
;;;;;;;;;;;;;;;;;;;;;;;;;;;;;;;;
;;;;;;;;;;;;;;;;;;;;;;;;;;;;;;;;
;;;;;;;;;;;;;;;;;;;;;;;;;;;;;;;;
;;;;;;;;;;;;;;;;;;;;;;;;;;;;;;;;
;;;;;;;;;;;;;;;;;;;;;;;;;;;;;;;;
;;;;;;;;;;;;;;;;;;;;;;;;;;;;;;;;
;;;;;;;;;;;;;;;;;;;;;;;;;;;;;;;;
;;;;;;;;;;;;;;;;;;;;;;;;;;;;;;;;
;;;;;;;;;;;;;;;;;;;;;;;;;;;;;;;;
;;;;;;;;;;;;;;;;;;;;;;;;;;;;;;;;
;;;;;;;;;;;;;;;;;;;;;;;;;;;;;;;;
;;;;;;;;;;;;;;;;;;;;;;;;;;;;;;;;
;;;;;;;;;;;;;;;;;;;;;;;;;;;;;;;;
;;;;;;;;;;;;;;;;;;;;;;;;;;;;;;;;
;;;;;;;;;;;;;;;;;;;;;;;;;;;;;;;;
;;;;;;;;;;;;;;;;;;;;;;;;;;;;;;;;
;;;;;;;;;;;;;;;;;;;;;;;;;;;;;;;;
;;;;;;;;;;;;;;;;;;;;;;;;;;;;;;;;
;;;;;;;;;;;;;;;;;;;;;;;;;;;;;;;;
;;;;;;;;;;;;;;;;;;;;;;;;;;;;;;;;
;;;;;;;;;;;;;;;;;;;;;;;;;;;;;;;;
;;;;;;;;;;;;;;;;;;;;;;;;;;;;;;;;
;;;;;;;;;;;;;;;;;;;;;;;;;;;;;;;;
;;;;;;;;;;;;;;;;;;;;;;;;;;;;;;;;
;;;;;;;;;;;;;;;;;;;;;;;;;;;;;;;;
;;;;;;;;;;;;;;;;;;;;;;;;;;;;;;;;
;;;;;;;;;;;;;;;;;;;;;;;;;;;;;;;;
;;;;;;;;;;;;;;;;;;;;;;;;;;;;;;;;
;;;;;;;;;;;;;;;;;;;;;;;;;;;;;;;;
;;;;;;;;;;;;;;;;;;;;;;;;;;;;;;;;
;;;;;;;;;;;;;;;;;;;;;;;;;;;;;;;;
;;;;;;;;;;;;;;;;;;;;;;;;;;;;;;;;
;;;;;;;;;;;;;;;;;;;;;;;;;;;;;;;;
;;;;;;;;;;;;;;;;;;;;;;;;;;;;;;;;
;;;;;;;;;;;;;;;;;;;;;;;;;;;;;;;;
;;;;;;;;;;;;;;;;;;;;;;;;;;;;;;;;
;;;;;;;;;;;;;;;;;;;;;;;;;;;;;;;;
;;;;;;;;;;;;;;;;;;;;;;;;;;;;;;;;
;;;;;;;;;;;;;;;;;;;;;;;;;;;;;;;;
;;;;;;;;;;;;;;;;;;;;;;;;;;;;;;;;
;;;;;;;;;;;;;;;;;;;;;;;;;;;;;;;;
;;;;;;;;;;;;;;;;;;;;;;;;;;;;;;;;
;;;;;;;;;;;;;;;;;;;;;;;;;;;;;;;;
;;;;;;;;;;;;;;;;;;;;;;;;;;;;;;;;
;;;;;;;;;;;;;;;;;;;;;;;;;;;;;;;;
;;;;;;;;;;;;;;;;;;;;;;;;;;;;;;;;
;;;;;;;;;;;;;;;;;;;;;;;;;;;;;;;;
;;;;;;;;;;;;;;;;;;;;;;;;;;;;;;;;
;;;;;;;;;;;;;;;;;;;;;;;;;;;;;;;;
;;;;;;;;;;;;;;;;;;;;;;;;;;;;;;;;
;;;;;;;;;;;;;;;;;;;;;;;;;;;;;;;;
;;;;;;;;;;;;;;;;;;;;;;;;;;;;;;;;
;;;;;;;;;;;;;;;;;;;;;;;;;;;;;;;;
;;;;;;;;;;;;;;;;;;;;;;;;;;;;;;;;
;;;;;;;;;;;;;;;;;;;;;;;;;;;;;;;;
;;;;;;;;;;;;;;;;;;;;;;;;;;;;;;;;
;;;;;;;;;;;;;;;;;;;;;;;;;;;;;;;;
;;;;;;;;;;;;;;;;;;;;;;;;;;;;;;;;
;;;;;;;;;;;;;;;;;;;;;;;;;;;;;;;;
;;;;;;;;;;;;;;;;;;;;;;;;;;;;;;;;
;;;;;;;;;;;;;;;;;;;;;;;;;;;;;;;;
;;;;;;;;;;;;;;;;;;;;;;;;;;;;;;;;
;;;;;;;;;;;;;;;;;;;;;;;;;;;;;;;;
;;;;;;;;;;;;;;;;;;;;;;;;;;;;;;;;
;;;;;;;;;;;;;;;;;;;;;;;;;;;;;;;;
;;;;;;;;;;;;;;;;;;;;;;;;;;;;;;;;
;;;;;;;;;;;;;;;;;;;;;;;;;;;;;;;;
;;;;;;;;;;;;;;;;;;;;;;;;;;;;;;;;
;;;;;;;;;;;;;;;;;;;;;;;;;;;;;;;;
;;;;;;;;;;;;;;;;;;;;;;;;;;;;;;;;
;;;;;;;;;;;;;;;;;;;;;;;;;;;;;;;;
;;;;;;;;;;;;;;;;;;;;;;;;;;;;;;;;
;;;;;;;;;;;;;;;;;;;;;;;;;;;;;;;;
;;;;;;;;;;;;;;;;;;;;;;;;;;;;;;;;
;;;;;;;;;;;;;;;;;;;;;;;;;;;;;;;;
;;;;;;;;;;;;;;;;;;;;;;;;;;;;;;;;
;;;;;;;;;;;;;;;;;;;;;;;;;;;;;;;;
;;;;;;;;;;;;;;;;;;;;;;;;;;;;;;;;
;;;;;;;;;;;;;;;;;;;;;;;;;;;;;;;;
;;;;;;;;;;;;;;;;;;;;;;;;;;;;;;;;
;;;;;;;;;;;;;;;;;;;;;;;;;;;;;;;;
;;;;;;;;;;;;;;;;;;;;;;;;;;;;;;;;
;;;;;;;;;;;;;;;;;;;;;;;;;;;;;;;;
;;;;;;;;;;;;;;;;;;;;;;;;;;;;;;;;
;;;;;;;;;;;;;;;;;;;;;;;;;;;;;;;;
;;;;;;;;;;;;;;;;;;;;;;;;;;;;;;;;
;;;;;;;;;;;;;;;;;;;;;;;;;;;;;;;;
;;;;;;;;;;;;;;;;;;;;;;;;;;;;;;;;
;;;;;;;;;;;;;;;;;;;;;;;;;;;;;;;;
;;;;;;;;;;;;;;;;;;;;;;;;;;;;;;;;
;;;;;;;;;;;;;;;;;;;;;;;;;;;;;;;;
;;;;;;;;;;;;;;;;;;;;;;;;;;;;;;;;
;;;;;;;;;;;;;;;;;;;;;;;;;;;;;;;;
;;;;;;;;;;;;;;;;;;;;;;;;;;;;;;;;
;;;;;;;;;;;;;;;;;;;;;;;;;;;;;;;;
;;;;;;;;;;;;;;;;;;;;;;;;;;;;;;;;
;;;;;;;;;;;;;;;;;;;;;;;;;;;;;;;;
;;;;;;;;;;;;;;;;;;;;;;;;;;;;;;;;
;;;;;;;;;;;;;;;;;;;;;;;;;;;;;;;;
;;;;;;;;;;;;;;;;;;;;;;;;;;;;;;;;
;;;;;;;;;;;;;;;;;;;;;;;;;;;;;;;;
;;;;;;;;;;;;;;;;;;;;;;;;;;;;;;;;
;;;;;;;;;;;;;;;;;;;;;;;;;;;;;;;;
;;;;;;;;;;;;;;;;;;;;;;;;;;;;;;;;
;;;;;;;;;;;;;;;;;;;;;;;;;;;;;;;;
;;;;;;;;;;;;;;;;;;;;;;;;;;;;;;;;
;;;;;;;;;;;;;;;;;;;;;;;;;;;;;;;;
;;;;;;;;;;;;;;;;;;;;;;;;;;;;;;;;
;;;;;;;;;;;;;;;;;;;;;;;;;;;;;;;;
;;;;;;;;;;;;;;;;;;;;;;;;;;;;;;;;
;;;;;;;;;;;;;;;;;;;;;;;;;;;;;;;;
;;;;;;;;;;;;;;;;;;;;;;;;;;;;;;;;
;;;;;;;;;;;;;;;;;;;;;;;;;;;;;;;;
;;;;;;;;;;;;;;;;;;;;;;;;;;;;;;;;
;;;;;;;;;;;;;;;;;;;;;;;;;;;;;;;;
;;;;;;;;;;;;;;;;;;;;;;;;;;;;;;;;
;;;;;;;;;;;;;;;;;;;;;;;;;;;;;;;;
;;;;;;;;;;;;;;;;;;;;;;;;;;;;;;;;
;;;;;;;;;;;;;;;;;;;;;;;;;;;;;;;;
;;;;;;;;;;;;;;;;;;;;;;;;;;;;;;;;
;;;;;;;;;;;;;;;;;;;;;;;;;;;;;;;;
;;;;;;;;;;;;;;;;;;;;;;;;;;;;;;;;
;;;;;;;;;;;;;;;;;;;;;;;;;;;;;;;;
;;;;;;;;;;;;;;;;;;;;;;;;;;;;;;;;
;;;;;;;;;;;;;;;;;;;;;;;;;;;;;;;;
;;;;;;;;;;;;;;;;;;;;;;;;;;;;;;;;
;;;;;;;;;;;;;;;;;;;;;;;;;;;;;;;;
;;;;;;;;;;;;;;;;;;;;;;;;;;;;;;;;
;;;;;;;;;;;;;;;;;;;;;;;;;;;;;;;;
;;;;;;;;;;;;;;;;;;;;;;;;;;;;;;;;
;;;;;;;;;;;;;;;;;;;;;;;;;;;;;;;;
;;;;;;;;;;;;;;;;;;;;;;;;;;;;;;;;
;;;;;;;;;;;;;;;;;;;;;;;;;;;;;;;;
;;;;;;;;;;;;;;;;;;;;;;;;;;;;;;;;
;;;;;;;;;;;;;;;;;;;;;;;;;;;;;;;;
;;;;;;;;;;;;;;;;;;;;;;;;;;;;;;;;
;;;;;;;;;;;;;;;;;;;;;;;;;;;;;;;;
;;;;;;;;;;;;;;;;;;;;;;;;;;;;;;;;
;;;;;;;;;;;;;;;;;;;;;;;;;;;;;;;;
;;;;;;;;;;;;;;;;;;;;;;;;;;;;;;;;
;;;;;;;;;;;;;;;;;;;;;;;;;;;;;;;;
;;;;;;;;;;;;;;;;;;;;;;;;;;;;;;;;
;;;;;;;;;;;;;;;;;;;;;;;;;;;;;;;;
;;;;;;;;;;;;;;;;;;;;;;;;;;;;;;;;
;;;;;;;;;;;;;;;;;;;;;;;;;;;;;;;;
;;;;;;;;;;;;;;;;;;;;;;;;;;;;;;;;
;;;;;;;;;;;;;;;;;;;;;;;;;;;;;;;;
;;;;;;;;;;;;;;;;;;;;;;;;;;;;;;;;
;;;;;;;;;;;;;;;;;;;;;;;;;;;;;;;;
;;;;;;;;;;;;;;;;;;;;;;;;;;;;;;;;
;;;;;;;;;;;;;;;;;;;;;;;;;;;;;;;;
;;;;;;;;;;;;;;;;;;;;;;;;;;;;;;;;
;;;;;;;;;;;;;;;;;;;;;;;;;;;;;;;;
;;;;;;;;;;;;;;;;;;;;;;;;;;;;;;;;
;;;;;;;;;;;;;;;;;;;;;;;;;;;;;;;;
;;;;;;;;;;;;;;;;;;;;;;;;;;;;;;;;
;;;;;;;;;;;;;;;;;;;;;;;;;;;;;;;;
;;;;;;;;;;;;;;;;;;;;;;;;;;;;;;;;
;;;;;;;;;;;;;;;;;;;;;;;;;;;;;;;;
;;;;;;;;;;;;;;;;;;;;;;;;;;;;;;;;
;;;;;;;;;;;;;;;;;;;;;;;;;;;;;;;;
;;;;;;;;;;;;;;;;;;;;;;;;;;;;;;;;
;;;;;;;;;;;;;;;;;;;;;;;;;;;;;;;;
;;;;;;;;;;;;;;;;;;;;;;;;;;;;;;;;
;;;;;;;;;;;;;;;;;;;;;;;;;;;;;;;;
;;;;;;;;;;;;;;;;;;;;;;;;;;;;;;;;
;;;;;;;;;;;;;;;;;;;;;;;;;;;;;;;;
;;;;;;;;;;;;;;;;;;;;;;;;;;;;;;;;
;;;;;;;;;;;;;;;;;;;;;;;;;;;;;;;;
;;;;;;;;;;;;;;;;;;;;;;;;;;;;;;;;
;;;;;;;;;;;;;;;;;;;;;;;;;;;;;;;;
;;;;;;;;;;;;;;;;;;;;;;;;;;;;;;;;
;;;;;;;;;;;;;;;;;;;;;;;;;;;;;;;;
;;;;;;;;;;;;;;;;;;;;;;;;;;;;;;;;
;;;;;;;;;;;;;;;;;;;;;;;;;;;;;;;;
;;;;;;;;;;;;;;;;;;;;;;;;;;;;;;;;
;;;;;;;;;;;;;;;;;;;;;;;;;;;;;;;;
;;;;;;;;;;;;;;;;;;;;;;;;;;;;;;;;
;;;;;;;;;;;;;;;;;;;;;;;;;;;;;;;;
;;;;;;;;;;;;;;;;;;;;;;;;;;;;;;;;
;;;;;;;;;;;;;;;;;;;;;;;;;;;;;;;;
;;;;;;;;;;;;;;;;;;;;;;;;;;;;;;;;
;;;;;;;;;;;;;;;;;;;;;;;;;;;;;;;;
;;;;;;;;;;;;;;;;;;;;;;;;;;;;;;;;
;;;;;;;;;;;;;;;;;;;;;;;;;;;;;;;;
;;;;;;;;;;;;;;;;;;;;;;;;;;;;;;;;
;;;;;;;;;;;;;;;;;;;;;;;;;;;;;;;;
;;;;;;;;;;;;;;;;;;;;;;;;;;;;;;;;
;;;;;;;;;;;;;;;;;;;;;;;;;;;;;;;;
;;;;;;;;;;;;;;;;;;;;;;;;;;;;;;;;
;;;;;;;;;;;;;;;;;;;;;;;;;;;;;;;;
;;;;;;;;;;;;;;;;;;;;;;;;;;;;;;;;
;;;;;;;;;;;;;;;;;;;;;;;;;;;;;;;;
;;;;;;;;;;;;;;;;;;;;;;;;;;;;;;;;
;;;;;;;;;;;;;;;;;;;;;;;;;;;;;;;;
;;;;;;;;;;;;;;;;;;;;;;;;;;;;;;;;
;;;;;;;;;;;;;;;;;;;;;;;;;;;;;;;;
;;;;;;;;;;;;;;;;;;;;;;;;;;;;;;;;
;;;;;;;;;;;;;;;;;;;;;;;;;;;;;;;;
;;;;;;;;;;;;;;;;;;;;;;;;;;;;;;;;
;;;;;;;;;;;;;;;;;;;;;;;;;;;;;;;;
;;;;;;;;;;;;;;;;;;;;;;;;;;;;;;;;
;;;;;;;;;;;;;;;;;;;;;;;;;;;;;;;;
;;;;;;;;;;;;;;;;;;;;;;;;;;;;;;;;
;;;;;;;;;;;;;;;;;;;;;;;;;;;;;;;;
;;;;;;;;;;;;;;;;;;;;;;;;;;;;;;;;
;;;;;;;;;;;;;;;;;;;;;;;;;;;;;;;;
;;;;;;;;;;;;;;;;;;;;;;;;;;;;;;;;
;;;;;;;;;;;;;;;;;;;;;;;;;;;;;;;;
;;;;;;;;;;;;;;;;;;;;;;;;;;;;;;;;
;;;;;;;;;;;;;;;;;;;;;;;;;;;;;;;;
;;;;;;;;;;;;;;;;;;;;;;;;;;;;;;;;
;;;;;;;;;;;;;;;;;;;;;;;;;;;;;;;;
;;;;;;;;;;;;;;;;;;;;;;;;;;;;;;;;
;;;;;;;;;;;;;;;;;;;;;;;;;;;;;;;;
;;;;;;;;;;;;;;;;;;;;;;;;;;;;;;;;
;;;;;;;;;;;;;;;;;;;;;;;;;;;;;;;;
;;;;;;;;;;;;;;;;;;;;;;;;;;;;;;;;
;;;;;;;;;;;;;;;;;;;;;;;;;;;;;;;;
;;;;;;;;;;;;;;;;;;;;;;;;;;;;;;;;
;;;;;;;;;;;;;;;;;;;;;;;;;;;;;;;;
;;;;;;;;;;;;;;;;;;;;;;;;;;;;;;;;
;;;;;;;;;;;;;;;;;;;;;;;;;;;;;;;;
;;;;;;;;;;;;;;;;;;;;;;;;;;;;;;;;
;;;;;;;;;;;;;;;;;;;;;;;;;;;;;;;;
;;;;;;;;;;;;;;;;;;;;;;;;;;;;;;;;
;;;;;;;;;;;;;;;;;;;;;;;;;;;;;;;;
;;;;;;;;;;;;;;;;;;;;;;;;;;;;;;;;
;;;;;;;;;;;;;;;;;;;;;;;;;;;;;;;;
;;;;;;;;;;;;;;;;;;;;;;;;;;;;;;;;
;;;;;;;;;;;;;;;;;;;;;;;;;;;;;;;;
;;;;;;;;;;;;;;;;;;;;;;;;;;;;;;;;
;;;;;;;;;;;;;;;;;;;;;;;;;;;;;;;;
;;;;;;;;;;;;;;;;;;;;;;;;;;;;;;;;
;;;;;;;;;;;;;;;;;;;;;;;;;;;;;;;;
;;;;;;;;;;;;;;;;;;;;;;;;;;;;;;;;
;;;;;;;;;;;;;;;;;;;;;;;;;;;;;;;;
;;;;;;;;;;;;;;;;;;;;;;;;;;;;;;;;
;;;;;;;;;;;;;;;;;;;;;;;;;;;;;;;;
;;;;;;;;;;;;;;;;;;;;;;;;;;;;;;;;
;;;;;;;;;;;;;;;;;;;;;;;;;;;;;;;;
;;;;;;;;;;;;;;;;;;;;;;;;;;;;;;;;
;;;;;;;;;;;;;;;;;;;;;;;;;;;;;;;;
;;;;;;;;;;;;;;;;;;;;;;;;;;;;;;;;
;;;;;;;;;;;;;;;;;;;;;;;;;;;;;;;;
;;;;;;;;;;;;;;;;;;;;;;;;;;;;;;;;
;;;;;;;;;;;;;;;;;;;;;;;;;;;;;;;;
;;;;;;;;;;;;;;;;;;;;;;;;;;;;;;;;
;;;;;;;;;;;;;;;;;;;;;;;;;;;;;;;;
;;;;;;;;;;;;;;;;;;;;;;;;;;;;;;;;
;;;;;;;;;;;;;;;;;;;;;;;;;;;;;;;;
;;;;;;;;;;;;;;;;;;;;;;;;;;;;;;;;
;;;;;;;;;;;;;;;;;;;;;;;;;;;;;;;;
;;;;;;;;;;;;;;;;;;;;;;;;;;;;;;;;
;;;;;;;;;;;;;;;;;;;;;;;;;;;;;;;;
;;;;;;;;;;;;;;;;;;;;;;;;;;;;;;;;
;;;;;;;;;;;;;;;;;;;;;;;;;;;;;;;;
;;;;;;;;;;;;;;;;;;;;;;;;;;;;;;;;
;;;;;;;;;;;;;;;;;;;;;;;;;;;;;;;;
;;;;;;;;;;;;;;;;;;;;;;;;;;;;;;;;
;;;;;;;;;;;;;;;;;;;;;;;;;;;;;;;;
;;;;;;;;;;;;;;;;;;;;;;;;;;;;;;;;
;;;;;;;;;;;;;;;;;;;;;;;;;;;;;;;;
;;;;;;;;;;;;;;;;;;;;;;;;;;;;;;;;
;;;;;;;;;;;;;;;;;;;;;;;;;;;;;;;;
;;;;;;;;;;;;;;;;;;;;;;;;;;;;;;;;
;;;;;;;;;;;;;;;;;;;;;;;;;;;;;;;;
;;;;;;;;;;;;;;;;;;;;;;;;;;;;;;;;
;;;;;;;;;;;;;;;;;;;;;;;;;;;;;;;;
;;;;;;;;;;;;;;;;;;;;;;;;;;;;;;;;
;;;;;;;;;;;;;;;;;;;;;;;;;;;;;;;;
;;;;;;;;;;;;;;;;;;;;;;;;;;;;;;;;
;;;;;;;;;;;;;;;;;;;;;;;;;;;;;;;;
;;;;;;;;;;;;;;;;;;;;;;;;;;;;;;;;
;;;;;;;;;;;;;;;;;;;;;;;;;;;;;;;;
;;;;;;;;;;;;;;;;;;;;;;;;;;;;;;;;
;;;;;;;;;;;;;;;;;;;;;;;;;;;;;;;;
;;;;;;;;;;;;;;;;;;;;;;;;;;;;;;;;
;;;;;;;;;;;;;;;;;;;;;;;;;;;;;;;;
;;;;;;;;;;;;;;;;;;;;;;;;;;;;;;;;
;;;;;;;;;;;;;;;;;;;;;;;;;;;;;;;;
;;;;;;;;;;;;;;;;;;;;;;;;;;;;;;;;
;;;;;;;;;;;;;;;;;;;;;;;;;;;;;;;;
;;;;;;;;;;;;;;;;;;;;;;;;;;;;;;;;
;;;;;;;;;;;;;;;;;;;;;;;;;;;;;;;;
;;;;;;;;;;;;;;;;;;;;;;;;;;;;;;;;
;;;;;;;;;;;;;;;;;;;;;;;;;;;;;;;;
;;;;;;;;;;;;;;;;;;;;;;;;;;;;;;;;
;;;;;;;;;;;;;;;;;;;;;;;;;;;;;;;;
;;;;;;;;;;;;;;;;;;;;;;;;;;;;;;;;
;;;;;;;;;;;;;;;;;;;;;;;;;;;;;;;;
;;;;;;;;;;;;;;;;;;;;;;;;;;;;;;;;
;;;;;;;;;;;;;;;;;;;;;;;;;;;;;;;;
;;;;;;;;;;;;;;;;;;;;;;;;;;;;;;;;
;;;;;;;;;;;;;;;;;;;;;;;;;;;;;;;;
;;;;;;;;;;;;;;;;;;;;;;;;;;;;;;;;
;;;;;;;;;;;;;;;;;;;;;;;;;;;;;;;;
;;;;;;;;;;;;;;;;;;;;;;;;;;;;;;;;
;;;;;;;;;;;;;;;;;;;;;;;;;;;;;;;;
;;;;;;;;;;;;;;;;;;;;;;;;;;;;;;;;
;;;;;;;;;;;;;;;;;;;;;;;;;;;;;;;;
;;;;;;;;;;;;;;;;;;;;;;;;;;;;;;;;
;;;;;;;;;;;;;;;;;;;;;;;;;;;;;;;;
;;;;;;;;;;;;;;;;;;;;;;;;;;;;;;;;
;;;;;;;;;;;;;;;;;;;;;;;;;;;;;;;;
;;;;;;;;;;;;;;;;;;;;;;;;;;;;;;;;
;;;;;;;;;;;;;;;;;;;;;;;;;;;;;;;;
;;;;;;;;;;;;;;;;;;;;;;;;;;;;;;;;
;;;;;;;;;;;;;;;;;;;;;;;;;;;;;;;;
;;;;;;;;;;;;;;;;;;;;;;;;;;;;;;;;
;;;;;;;;;;;;;;;;;;;;;;;;;;;;;;;;
;;;;;;;;;;;;;;;;;;;;;;;;;;;;;;;;
;;;;;;;;;;;;;;;;;;;;;;;;;;;;;;;;
;;;;;;;;;;;;;;;;;;;;;;;;;;;;;;;;
;;;;;;;;;;;;;;;;;;;;;;;;;;;;;;;;
;;;;;;;;;;;;;;;;;;;;;;;;;;;;;;;;
;;;;;;;;;;;;;;;;;;;;;;;;;;;;;;;;
;;;;;;;;;;;;;;;;;;;;;;;;;;;;;;;;
;;;;;;;;;;;;;;;;;;;;;;;;;;;;;;;;
;;;;;;;;;;;;;;;;;;;;;;;;;;;;;;;;
;;;;;;;;;;;;;;;;;;;;;;;;;;;;;;;;
;;;;;;;;;;;;;;;;;;;;;;;;;;;;;;;;
;;;;;;;;;;;;;;;;;;;;;;;;;;;;;;;;
;;;;;;;;;;;;;;;;;;;;;;;;;;;;;;;;
;;;;;;;;;;;;;;;;;;;;;;;;;;;;;;;;
;;;;;;;;;;;;;;;;;;;;;;;;;;;;;;;;
;;;;;;;;;;;;;;;;;;;;;;;;;;;;;;;;
;;;;;;;;;;;;;;;;;;;;;;;;;;;;;;;;
;;;;;;;;;;;;;;;;;;;;;;;;;;;;;;;;
;;;;;;;;;;;;;;;;;;;;;;;;;;;;;;;;
;;;;;;;;;;;;;;;;;;;;;;;;;;;;;;;;
;;;;;;;;;;;;;;;;;;;;;;;;;;;;;;;;
;;;;;;;;;;;;;;;;;;;;;;;;;;;;;;;;
;;;;;;;;;;;;;;;;;;;;;;;;;;;;;;;;
;;;;;;;;;;;;;;;;;;;;;;;;;;;;;;;;
;;;;;;;;;;;;;;;;;;;;;;;;;;;;;;;;
;;;;;;;;;;;;;;;;;;;;;;;;;;;;;;;;
;;;;;;;;;;;;;;;;;;;;;;;;;;;;;;;;
;;;;;;;;;;;;;;;;;;;;;;;;;;;;;;;;
;;;;;;;;;;;;;;;;;;;;;;;;;;;;;;;;
;;;;;;;;;;;;;;;;;;;;;;;;;;;;;;;;
;;;;;;;;;;;;;;;;;;;;;;;;;;;;;;;;
;;;;;;;;;;;;;;;;;;;;;;;;;;;;;;;;
;;;;;;;;;;;;;;;;;;;;;;;;;;;;;;;;
;;;;;;;;;;;;;;;;;;;;;;;;;;;;;;;;
;;;;;;;;;;;;;;;;;;;;;;;;;;;;;;;;
;;;;;;;;;;;;;;;;;;;;;;;;;;;;;;;;
;;;;;;;;;;;;;;;;;;;;;;;;;;;;;;;;
;;;;;;;;;;;;;;;;;;;;;;;;;;;;;;;;
;;;;;;;;;;;;;;;;;;;;;;;;;;;;;;;;
;;;;;;;;;;;;;;;;;;;;;;;;;;;;;;;;
;;;;;;;;;;;;;;;;;;;;;;;;;;;;;;;;
;;;;;;;;;;;;;;;;;;;;;;;;;;;;;;;;
;;;;;;;;;;;;;;;;;;;;;;;;;;;;;;;;
;;;;;;;;;;;;;;;;;;;;;;;;;;;;;;;;
;;;;;;;;;;;;;;;;;;;;;;;;;;;;;;;;
;;;;;;;;;;;;;;;;;;;;;;;;;;;;;;;;
;;;;;;;;;;;;;;;;;;;;;;;;;;;;;;;;
;;;;;;;;;;;;;;;;;;;;;;;;;;;;;;;;
;;;;;;;;;;;;;;;;;;;;;;;;;;;;;;;;
;;;;;;;;;;;;;;;;;;;;;;;;;;;;;;;;
;;;;;;;;;;;;;;;;;;;;;;;;;;;;;;;;
;;;;;;;;;;;;;;;;;;;;;;;;;;;;;;;;
;;;;;;;;;;;;;;;;;;;;;;;;;;;;;;;;
;;;;;;;;;;;;;;;;;;;;;;;;;;;;;;;;
;;;;;;;;;;;;;;;;;;;;;;;;;;;;;;;;
;;;;;;;;;;;;;;;;;;;;;;;;;;;;;;;;
;;;;;;;;;;;;;;;;;;;;;;;;;;;;;;;;
;;;;;;;;;;;;;;;;;;;;;;;;;;;;;;;;
;;;;;;;;;;;;;;;;;;;;;;;;;;;;;;;;
;;;;;;;;;;;;;;;;;;;;;;;;;;;;;;;;
;;;;;;;;;;;;;;;;;;;;;;;;;;;;;;;;
;;;;;;;;;;;;;;;;;;;;;;;;;;;;;;;;
;;;;;;;;;;;;;;;;;;;;;;;;;;;;;;;;
;;;;;;;;;;;;;;;;;;;;;;;;;;;;;;;;
;;;;;;;;;;;;;;;;;;;;;;;;;;;;;;;;
;;;;;;;;;;;;;;;;;;;;;;;;;;;;;;;;
;;;;;;;;;;;;;;;;;;;;;;;;;;;;;;;;
;;;;;;;;;;;;;;;;;;;;;;;;;;;;;;;;
;;;;;;;;;;;;;;;;;;;;;;;;;;;;;;;;
;;;;;;;;;;;;;;;;;;;;;;;;;;;;;;;;
;;;;;;;;;;;;;;;;;;;;;;;;;;;;;;;;
;;;;;;;;;;;;;;;;;;;;;;;;;;;;;;;;
;;;;;;;;;;;;;;;;;;;;;;;;;;;;;;;;
;;;;;;;;;;;;;;;;;;;;;;;;;;;;;;;;
;;;;;;;;;;;;;;;;;;;;;;;;;;;;;;;;
;;;;;;;;;;;;;;;;;;;;;;;;;;;;;;;;
;;;;;;;;;;;;;;;;;;;;;;;;;;;;;;;;
;;;;;;;;;;;;;;;;;;;;;;;;;;;;;;;;
;;;;;;;;;;;;;;;;;;;;;;;;;;;;;;;;
;;;;;;;;;;;;;;;;;;;;;;;;;;;;;;;;
;;;;;;;;;;;;;;;;;;;;;;;;;;;;;;;;
;;;;;;;;;;;;;;;;;;;;;;;;;;;;;;;;
;;;;;;;;;;;;;;;;;;;;;;;;;;;;;;;;
;;;;;;;;;;;;;;;;;;;;;;;;;;;;;;;;
;;;;;;;;;;;;;;;;;;;;;;;;;;;;;;;;
;;;;;;;;;;;;;;;;;;;;;;;;;;;;;;;;
;;;;;;;;;;;;;;;;;;;;;;;;;;;;;;;;
;;;;;;;;;;;;;;;;;;;;;;;;;;;;;;;;
;;;;;;;;;;;;;;;;;;;;;;;;;;;;;;;;
;;;;;;;;;;;;;;;;;;;;;;;;;;;;;;;;
;;;;;;;;;;;;;;;;;;;;;;;;;;;;;;;;
;;;;;;;;;;;;;;;;;;;;;;;;;;;;;;;;
;;;;;;;;;;;;;;;;;;;;;;;;;;;;;;;;
;;;;;;;;;;;;;;;;;;;;;;;;;;;;;;;;
;;;;;;;;;;;;;;;;;;;;;;;;;;;;;;;;
;;;;;;;;;;;;;;;;;;;;;;;;;;;;;;;;
;;;;;;;;;;;;;;;;;;;;;;;;;;;;;;;;
;;;;;;;;;;;;;;;;;;;;;;;;;;;;;;;;
;;;;;;;;;;;;;;;;;;;;;;;;;;;;;;;;
;;;;;;;;;;;;;;;;;;;;;;;;;;;;;;;;
;;;;;;;;;;;;;;;;;;;;;;;;;;;;;;;;
;;;;;;;;;;;;;;;;;;;;;;;;;;;;;;;;
;;;;;;;;;;;;;;;;;;;;;;;;;;;;;;;;
;;;;;;;;;;;;;;;;;;;;;;;;;;;;;;;;
;;;;;;;;;;;;;;;;;;;;;;;;;;;;;;;;
;;;;;;;;;;;;;;;;;;;;;;;;;;;;;;;;
;;;;;;;;;;;;;;;;;;;;;;;;;;;;;;;;
;;;;;;;;;;;;;;;;;;;;;;;;;;;;;;;;
;;;;;;;;;;;;;;;;;;;;;;;;;;;;;;;;
;;;;;;;;;;;;;;;;;;;;;;;;;;;;;;;;
;;;;;;;;;;;;;;;;;;;;;;;;;;;;;;;;
;;;;;;;;;;;;;;;;;;;;;;;;;;;;;;;;
;;;;;;;;;;;;;;;;;;;;;;;;;;;;;;;;
;;;;;;;;;;;;;;;;;;;;;;;;;;;;;;;;
;;;;;;;;;;;;;;;;;;;;;;;;;;;;;;;;
;;;;;;;;;;;;;;;;;;;;;;;;;;;;;;;;
;;;;;;;;;;;;;;;;;;;;;;;;;;;;;;;;
;;;;;;;;;;;;;;;;;;;;;;;;;;;;;;;;
;;;;;;;;;;;;;;;;;;;;;;;;;;;;;;;;
;;;;;;;;;;;;;;;;;;;;;;;;;;;;;;;;
;;;;;;;;;;;;;;;;;;;;;;;;;;;;;;;;
;;;;;;;;;;;;;;;;;;;;;;;;;;;;;;;;
;;;;;;;;;;;;;;;;;;;;;;;;;;;;;;;;
;;;;;;;;;;;;;;;;;;;;;;;;;;;;;;;;
;;;;;;;;;;;;;;;;;;;;;;;;;;;;;;;;
;;;;;;;;;;;;;;;;;;;;;;;;;;;;;;;;
;;;;;;;;;;;;;;;;;;;;;;;;;;;;;;;;
;;;;;;;;;;;;;;;;;;;;;;;;;;;;;;;;